CRIM,ZN,INDUS,CHAS,NOX,RM,AGE,DIS,RAD,TAX,PTRATIO,B,LSTAT,MEDV,RM_LSTAT,RM_AGE
-1.2191196968626448,1.6447253904583314,2.31,0,0.538,6.575,65.2,1.6272778305624314,1,296.0,15.3,-0.3529821088220308,1.7884205679625405,24.0,11.758865234353705,428.69000000000005
-1.1208778805056296,-0.5977304368109426,7.07,0,0.469,6.421,78.9,1.7862610472398053,2,242.0,17.8,-0.3529821088220308,2.316487998163037,21.6,14.87416943620486,506.61690000000004
-1.1209681503462028,-0.5977304368109426,7.07,0,0.469,7.185,61.1,1.7862610472398053,2,242.0,17.8,-0.3369451563754254,1.6154199841116479,34.7,11.60679258584219,439.0035
-1.0982353200641382,-0.5977304368109426,2.18,0,0.458,6.998,45.8,1.9547566176942426,3,222.0,18.7,-0.3440711002067171,1.3711807233098425,33.4,9.595522701722278,320.5084
-0.9449891814102283,-0.5977304368109426,2.18,0,0.458,7.147,54.2,1.9547566176942426,3,222.0,18.7,-0.3529821088220308,1.8453002361560848,36.2,13.18836078780754,387.36740000000003
-1.1094633274856673,-0.5977304368109426,2.18,0,0.458,6.43,58.7,1.9547566176942426,3,222.0,18.7,-0.34205749674921077,1.8261608959453874,28.7,11.74221456092884,377.441
-0.8715445104910884,1.6190606897351467,7.87,0,0.524,6.012,66.6,1.8810668195636333,5,311.0,15.2,-0.3478891479939504,2.5974910105351463,22.9,15.616115955337298,400.39919999999995
-0.679837741701283,1.6190606897351467,7.87,0,0.524,6.172,96.1,1.9388135994350102,5,311.0,15.2,-0.3529821088220308,3.0032042883926917,27.1,18.535776867959694,593.1292
-0.48890603009212036,1.6190606897351467,7.87,0,0.524,5.631,100.0,1.95757047389502,5,311.0,15.2,-0.31198572273529107,3.4317265866969784,16.5,19.324052409690687,563.1
-0.6027298150559625,1.6190606897351467,7.87,0,0.524,6.004,85.9,2.027108232980627,5,311.0,15.2,-0.31231193889411313,2.89591193827178,18.9,17.387055277383766,515.7436
-0.4538380720164431,1.6190606897351467,7.87,0,0.524,6.377,94.3,1.9942512328113926,5,311.0,15.2,-0.33571251012623177,3.065724645374026,15.0,19.550126063550163,601.3511
-0.7681298258067565,1.6190606897351467,7.87,0,0.524,6.009,82.9,1.9777825004388234,5,311.0,15.2,-0.3529821088220308,2.658159431488745,18.9,15.97288002381587,498.14610000000005
-0.8513814390400137,1.6190606897351467,7.87,0,0.524,5.889,39.0,1.8642196559573156,5,311.0,15.2,-0.32764123887030205,2.8160073426073025,21.7,16.583467240614404,229.67100000000002
0.22006844045235416,-0.5977304368109426,8.14,0,0.538,5.949,61.8,1.7417810994218135,4,307.0,21.0,-0.3529821088220308,2.225704048658088,20.4,13.240713385466966,367.6482
0.22901935860700567,-0.5977304368109426,8.14,0,0.538,6.096,84.5,1.6977967145719404,4,307.0,21.0,-0.28464635030113694,2.421256622711544,18.2,14.759980372049574,515.112
0.21745852999032775,-0.5977304368109426,8.14,0,0.538,5.834,56.5,1.7044935143816868,4,307.0,21.0,-0.3479677091079176,2.248128907197987,19.9,13.115584044593055,329.621
0.5648264882084787,-0.5977304368109426,8.14,0,0.538,5.935,29.3,1.7044935143816868,4,307.0,21.0,-0.3128825522927071,2.0255131996542803,23.1,12.021420839948153,173.8955
0.37045184106189805,-0.5977304368109426,8.14,0,0.538,5.99,81.7,1.6597317074885674,4,307.0,21.0,-0.3124750056850848,2.7517480563679295,17.5,16.4829708576439,489.38300000000004
0.3862104118919401,-0.5977304368109426,8.14,0,0.538,5.456,36.6,1.5678864852758652,4,307.0,21.0,0.18896380474650012,2.540814281726296,20.2,13.862682721098674,199.6896
0.31779397741826426,-0.5977304368109426,8.14,0,0.538,5.727,69.5,1.5678864852758652,4,307.0,21.0,-0.3294451997468284,2.5079719227189963,18.2,14.363155201411692,398.0265
0.6712635042054784,-0.5977304368109426,8.14,0,0.538,5.57,98.1,1.5681783221827976,4,307.0,21.0,-0.2700676659068737,3.091951131294534,13.6,17.222167801310555,546.417
0.4262154117939264,-0.5977304368109426,8.14,0,0.538,5.965,89.2,1.6118948915872748,4,307.0,21.0,-0.33575229778384263,2.696652156149841,19.6,16.0855301114338,532.078
0.6618795688426639,-0.5977304368109426,8.14,0,0.538,6.142,91.7,1.604807207249406,4,307.0,21.0,-0.3529821088220308,2.9816333491744893,15.2,18.313192030629715,563.2214
0.5237459674382294,-0.5977304368109426,8.14,0,0.538,5.813,100.0,1.628298920075019,4,307.0,21.0,-0.34371606839494184,3.038791763014438,14.5,17.664496518402927,581.3
0.3404140661705076,-0.5977304368109426,8.14,0,0.538,5.924,94.1,1.686324876752535,4,307.0,21.0,-0.3428871444312201,2.8507065015037334,15.6,16.88758531490812,557.4484
0.4171377886897942,-0.5977304368109426,8.14,0,0.538,5.599,85.7,1.6964592893737305,4,307.0,21.0,0.09932492605659983,2.8627721462977607,13.9,16.028661247121164,479.83430000000004
0.26481918509350016,-0.5977304368109426,8.14,0,0.538,5.813,90.3,1.7373032834319964,4,307.0,21.0,-0.27138648737618437,2.7606426512213806,16.6,16.047615731549886,524.9139
0.5019624540583643,-0.5977304368109426,8.14,0,0.538,6.047,88.8,1.6962392673706428,4,307.0,21.0,0.08173755774152977,2.905807566026004,14.8,17.571418351759245,536.9735999999999
0.36069795564304374,-0.5977304368109426,8.14,0,0.538,6.495,94.4,1.6964776223556821,4,307.0,21.0,-0.31731368644739827,2.624668592163159,18.4,17.04722250609972,613.128
0.5328228892749267,-0.5977304368109426,8.14,0,0.538,6.674,87.3,1.6561306404260827,4,307.0,21.0,-0.2855268075110778,2.563409711275944,21.0,17.10819641305565,582.6402
0.609068515797075,-0.5977304368109426,8.14,0,0.538,5.713,94.1,1.6549847273900706,4,307.0,21.0,-0.19769707977492834,3.1612467120315646,12.7,18.06020246583633,537.5933
0.7181565107546459,-0.5977304368109426,8.14,0,0.538,6.072,100.0,1.6438393391514328,4,307.0,21.0,-0.2707485677458122,2.641910398597665,14.5,16.04167994028502,607.2
0.732286221466768,-0.5977304368109426,8.14,0,0.538,5.95,82.0,1.6074359097634274,4,307.0,21.0,0.6147014820110966,3.3572454941329726,13.2,19.975610690091187,487.90000000000003
0.6204300476941652,-0.5977304368109426,8.14,0,0.538,5.701,95.0,1.5659456893579664,4,307.0,21.0,-0.1912732146551246,2.962692419475791,13.1,16.890309483431484,541.5949999999999
0.8167999980744074,-0.5977304368109426,8.14,0,0.538,6.096,96.9,1.560205650553875,4,307.0,21.0,0.48218007915492,3.060583245873607,13.5,18.65731546684551,590.7024
-0.9643382546698256,-0.5977304368109426,5.96,0,0.499,5.933,68.2,1.472540862333276,5,279.0,19.2,-0.3529821088220308,2.3683728335320486,18.9,14.051556021345645,404.6306
-0.8381267938455041,-0.5977304368109426,5.96,0,0.499,5.841,61.4,1.4765691573596726,5,279.0,19.2,-0.27427323176707086,2.5185025992165158,20.0,14.71057368202367,358.6374
-0.9021157447410099,-0.5977304368109426,5.96,0,0.499,5.85,41.5,1.596190552348471,5,279.0,19.2,-0.3529821088220308,2.2793164660546914,21.0,13.334001326419944,242.77499999999998
-0.5882050757020514,-0.5977304368109426,5.96,0,0.499,5.966,30.2,1.578421848902911,5,279.0,19.2,-0.3393264043534544,2.4096441652874536,24.7,14.375937090104948,180.1732
-1.1194343980397816,1.701188904066953,2.95,0,0.428,6.595,21.8,1.8564698505968105,3,252.0,18.3,-0.34800698722256335,1.6714733033535532,30.8,11.023366435616683,143.771
-1.0928337672712987,1.701188904066953,2.95,0,0.428,7.024,15.8,1.8564698505968105,3,252.0,18.3,-0.3479677091079176,1.091923300517313,34.9,7.669669262833606,110.9792
-0.7348123759190367,-0.5977304368109426,6.91,0,0.448,6.77,2.9,1.9052220741388564,3,233.0,17.9,-0.30699724588304017,1.7647307968401356,26.6,11.947227494607716,19.633
-0.6894405026279566,-0.5977304368109426,6.91,0,0.448,6.169,6.6,1.9052220741388564,3,233.0,17.9,-0.29859809349608213,1.918392120161421,25.3,11.834560989275804,40.715399999999995
-0.634370071573643,-0.5977304368109426,6.91,0,0.448,6.211,6.5,1.9052220741388564,3,233.0,17.9,-0.34340037311441257,2.1329823086078656,24.7,13.247953118763455,40.371500000000005
-0.7505641241379647,-0.5977304368109426,6.91,0,0.448,6.069,40.0,1.9052220741388564,3,233.0,17.9,-0.3231769012975885,2.3561258599220753,21.2,14.299327843867076,242.76
-0.5987090739239983,-0.5977304368109426,6.91,0,0.448,5.682,33.8,1.8083543427998916,3,233.0,17.9,-0.3529821088220308,2.4168062370840686,19.3,13.73229303911168,192.0516
-0.550564810619746,-0.5977304368109426,6.91,0,0.448,5.786,33.3,1.8083543427998916,3,233.0,17.9,-0.3529821088220308,2.7180005319553784,20.0,15.726351077893819,192.67379999999997
-0.4428433126827083,-0.5977304368109426,6.91,0,0.448,6.03,85.5,1.9005241840194438,3,233.0,17.9,-0.3365874554415358,2.9856819377004897,16.6,18.003662084333953,515.565
-0.3832970417298202,-0.5977304368109426,6.91,0,0.448,5.399,95.3,1.927164106234258,3,233.0,17.9,-0.3529821088220308,3.4597807057610526,14.4,18.679356030403923,514.5246999999999
-0.46684744518937205,-0.5977304368109426,6.91,0,0.448,5.602,62.0,1.958360887350616,3,233.0,17.9,-0.3529821088220308,2.8449093838194073,19.4,15.93718236815632,347.324
-0.869915926299407,1.6537051061035135,5.64,0,0.439,5.963,45.7,2.0560065754206818,4,243.0,16.8,-0.3477320062250334,2.670694414558441,19.7,15.925350794011985,272.50910000000005
-1.050321919201857,1.6537051061035135,5.64,0,0.439,6.115,63.0,2.0560065754206818,4,243.0,16.8,-0.3414644476525758,2.344686269012681,20.5,14.337756535012543,385.245
-1.0073040716680661,1.6537051061035135,5.64,0,0.439,6.511,21.1,2.0560065754206818,4,243.0,16.8,-0.3529821088220308,1.8373699804801074,25.0,11.96311594290598,137.3821
-1.0230729396729608,1.6537051061035135,5.64,0,0.439,5.998,21.4,2.0560065754206818,4,243.0,16.8,-0.3529821088220308,2.2438960966453663,23.4,13.458888787678907,128.3572
-1.184233108188228,1.701188904066953,4.0,0,0.41,5.888,47.6,2.118626196490715,3,469.0,21.1,-0.3529821088220308,2.760009940032921,18.9,16.25093852691384,280.2688
-1.1865534727365499,1.7054327779224945,1.22,0,0.403,7.249,21.9,2.2717753086005157,5,226.0,17.9,-0.3491845740610305,1.7595805708638197,35.4,12.755199558191828,158.7531
-1.1517429712010825,1.7041493159384429,0.74,0,0.41,6.383,35.7,2.321171294469725,2,313.0,17.3,-0.3529821088220308,1.9125010869241836,24.7,12.207494437837065,227.87310000000002
-1.1808307647970002,1.707693568935136,1.32,0,0.411,6.816,40.5,2.232677517578694,5,256.0,15.1,-0.33722327545747044,1.599387576580599,31.6,10.901425721973363,276.048
-0.6492346308887478,1.662762475379692,5.13,0,0.453,6.145,29.2,2.1764321269934643,8,284.0,19.7,-0.3283632309915374,2.061786606441115,23.3,12.669678696580652,179.43399999999997
-0.8172807827787354,1.662762475379692,5.13,0,0.453,5.927,47.2,2.0709052106575494,8,284.0,19.7,-0.3529821088220308,2.3243465847755584,19.6,13.776402207964734,279.7544
-0.6649856701259493,1.662762475379692,5.13,0,0.453,5.741,66.2,2.1072269276877726,8,284.0,19.7,-0.34596236411219156,2.649714624089247,18.7,15.212011656896365,380.0542
-0.5978660696840229,1.662762475379692,5.13,0,0.453,5.966,93.4,2.056492720301428,8,284.0,19.7,-0.27647505581454707,2.73696154459663,16.0,16.328712575063495,557.2244000000001
-0.7928083622269191,1.662762475379692,5.13,0,0.453,6.456,67.8,2.107239085077338,8,284.0,19.7,-0.3529821088220308,2.0451088625993306,22.2,13.20322281694128,437.71680000000003
-0.737912221853213,1.662762475379692,5.13,0,0.453,6.762,43.4,2.1951001000092965,8,284.0,19.7,-0.34781058036659823,2.3513752571634776,25.0,15.899999488939434,293.4708
-1.1565552891335065,1.6429755572962732,1.38,0,0.4161,7.104,59.5,2.324630301862611,3,216.0,18.6,-0.3385729862798627,2.2027647577118348,33.0,15.648440838784875,422.688
-1.082929873540741,1.7027418384472897,3.37,0,0.398,6.29,17.8,2.0296602615171717,4,337.0,16.1,-0.3529821088220308,1.7351891177396608,23.5,10.914339550582467,111.962
-1.0485270925026802,1.7027418384472897,3.37,0,0.398,5.787,31.1,2.0296602615171717,4,337.0,16.1,-0.3529821088220308,2.419478844465545,19.4,14.001524072922107,179.97570000000002
-0.9896883804106442,1.6190606897351467,6.07,0,0.409,5.878,21.4,2.01463631831372,4,345.0,18.9,-0.3502823354936442,2.2082744135228043,22.0,12.980237002687044,125.7892
-0.7084489715872849,1.6190606897351467,6.07,0,0.409,5.594,36.8,2.01463631831372,4,345.0,18.9,-0.3529821088220308,2.645465325910589,17.4,14.798733033143835,205.8592
-0.7324437674320342,1.6190606897351467,6.07,0,0.409,5.885,33.0,2.01463631831372,4,345.0,18.9,-0.3529821088220308,2.281361456542419,20.9,13.425812171752135,194.20499999999998
-0.8716556309568474,-0.5977304368109426,10.81,0,0.413,6.417,6.6,1.8385317257748068,4,305.0,19.2,-0.30008558189887735,2.0438143640366846,24.2,13.115156774023404,42.352199999999996
-0.6361755914744636,-0.5977304368109426,10.81,0,0.413,5.961,17.5,1.8385317257748068,4,305.0,19.2,-0.2716415399286149,2.3869262414277967,21.7,14.228467325151097,104.31750000000001
-0.8592005242671489,-0.5977304368109426,10.81,0,0.413,6.065,7.8,1.8385317257748068,4,305.0,19.2,-0.3292849852053913,1.8748743759385615,22.8,11.371113090067377,47.307
-0.5312211010108044,-0.5977304368109426,10.81,0,0.413,6.245,6.2,1.8385317257748068,4,305.0,19.2,-0.27261863159084965,2.1447610078004784,23.4,13.394032493713988,38.719
-0.9066067333620592,-0.5977304368109426,12.83,0,0.437,6.273,6.0,1.658513750080693,5,398.0,18.7,-0.3452141893943099,2.0515563381903004,24.1,12.869412909467753,37.638
-0.8465114293158547,-0.5977304368109426,12.83,0,0.437,6.286,45.0,1.7052207078108166,5,398.0,18.7,-0.29801901130382674,2.2965670206684825,21.4,14.43622029192208,282.87
-0.8234887520364792,-0.5977304368109426,12.83,0,0.437,6.279,74.5,1.619823791986518,5,398.0,18.7,-0.2576013888390514,2.5626389983283526,20.0,16.090810270503727,467.7855
-0.8760717331177611,-0.5977304368109426,12.83,0,0.437,6.14,45.8,1.6273760575651133,5,398.0,18.7,-0.3133306550540223,2.422144328051685,20.8,14.871966174237343,281.212
-0.9955330221068952,-0.5977304368109426,12.83,0,0.437,6.232,53.7,1.7941067122964032,5,398.0,18.7,-0.31104723752693336,2.590767040487478,21.2,16.145660196317962,334.65840000000003
-0.8880280580193026,-0.5977304368109426,12.83,0,0.437,5.874,36.6,1.7052207078108166,5,398.0,18.7,-0.34969440732454715,2.312535423847214,20.3,13.583833079678532,214.98839999999998
-1.059936682933561,1.662762475379692,4.86,0,0.426,6.727,33.5,1.8564073593846169,4,281.0,19.0,-0.3529821088220308,1.8389610707123492,28.0,12.370691122681974,225.3545
-1.0449875058543998,1.662762475379692,4.86,0,0.426,6.619,70.4,1.8564073593846169,4,281.0,19.0,-0.34800698722256335,2.1065702090680887,23.9,13.94338821382168,465.9776
-1.079645169395909,1.662762475379692,4.86,0,0.426,6.302,32.2,1.8564073593846169,4,281.0,19.0,-0.3529821088220308,2.0438143640366846,24.8,12.880118122159185,202.9244
-1.0843777634270066,1.662762475379692,4.86,0,0.426,6.167,46.7,1.8564073593846169,4,281.0,19.0,-0.3282028353137838,2.1412419425852827,22.9,13.205039059923438,287.9989
-1.0198116286919925,-0.5977304368109426,4.49,0,0.449,6.389,48.0,1.754299871067673,3,247.0,18.5,-0.3529821088220308,2.362739015813793,23.9,15.095539572034323,306.672
-0.9918922643747218,-0.5977304368109426,4.49,0,0.449,6.63,56.1,1.6933561773475712,3,247.0,18.5,-0.33483676164124027,2.018895041811802,26.6,13.385274127212249,371.943
-1.0144361740818306,-0.5977304368109426,4.49,0,0.449,6.015,45.1,1.6914233471753921,3,247.0,18.5,-0.34941991583452203,2.6290069937617573,22.5,15.813477067476969,271.2765
-0.9353488210701218,-0.5977304368109426,4.49,0,0.449,6.121,56.8,1.557639227200213,3,247.0,18.5,-0.3461197994263189,2.244955980157409,22.2,13.741375554543502,347.6728
-0.9949596216719743,-0.5977304368109426,3.41,0,0.489,7.007,86.3,1.486524237528685,2,270.0,17.8,-0.3529821088220308,1.8718021769015913,23.6,13.11571785354945,604.7040999999999
-1.0097046088589237,-0.5977304368109426,3.41,0,0.489,7.079,63.1,1.4848945773595001,2,270.0,17.8,-0.34969440732454715,1.9021075263969205,28.7,13.4650191793638,446.68489999999997
-1.035567762199929,-0.5977304368109426,3.41,0,0.489,6.417,66.1,1.4091071591850473,2,270.0,17.8,-0.33435874173411173,2.2834022735772717,22.6,14.652592389545351,424.16369999999995
-1.067758248526168,-0.5977304368109426,3.41,0,0.489,6.405,73.9,1.4090582857184424,2,270.0,17.8,-0.3398019403699552,2.2192034840549946,22.0,14.21399831537224,473.32950000000005
-1.056065010663695,1.6680963626122285,15.04,0,0.464,6.442,53.6,1.540280741736487,4,270.0,18.2,-0.3455686614848587,2.214846178686039,22.9,14.268039083095463,345.2912
-1.1143945564463174,1.6680963626122285,15.04,0,0.464,6.211,28.9,1.540280741736487,4,270.0,18.2,-0.35075241520068395,1.9754689512968577,25.0,12.269637656504784,179.4979
-1.052162070261388,1.6680963626122285,15.04,0,0.464,6.249,77.3,1.5293118679548154,4,270.0,18.2,-0.3529821088220308,2.4501426573516603,20.6,15.310941465790524,483.04769999999996
-0.7527367338028135,-0.5977304368109426,2.89,0,0.445,6.625,57.8,1.5030101608158515,2,276.0,18.0,-0.187630551416683,2.0347056478384444,28.4,13.479924916929694,382.92499999999995
-0.7763998462707735,-0.5977304368109426,2.89,0,0.445,6.163,69.6,1.5030101608158515,2,276.0,18.0,-0.3329631486067522,2.5128460184772416,21.4,15.48667001187524,428.9448
-0.7567922056186208,-0.5977304368109426,2.89,0,0.445,8.069,76.0,1.5030101608158515,2,276.0,18.0,-0.3529821088220308,1.6505798557652755,38.7,13.31852885617001,613.244
-0.8955613896313482,-0.5977304368109426,2.89,0,0.445,7.82,36.9,1.5030101608158515,2,276.0,18.0,-0.33972270086156575,1.5195132049061133,43.8,11.882593262365807,288.558
-0.9467608339324828,-0.5977304368109426,2.89,0,0.445,7.416,62.5,1.5030101608158515,2,276.0,18.0,-0.3529821088220308,1.9726911717329554,33.2,14.629477729571597,463.5
-0.6670287226727558,-0.5977304368109426,8.56,0,0.52,6.727,79.9,1.3291418296155821,5,384.0,20.9,-0.3445836897105474,2.343727036325221,27.5,15.766251773359762,537.4873000000001
-0.7788616951513003,-0.5977304368109426,8.56,0,0.52,6.781,71.3,1.3496563100219874,5,384.0,20.9,-0.34781058036659823,2.1598687907924505,26.5,14.646070270363607,483.48529999999994
-0.44411722444629265,-0.5977304368109426,8.56,0,0.52,6.405,85.4,1.3122979212077555,5,384.0,20.9,3.1540971387126833,2.453587966530573,18.6,15.71523092562832,546.9870000000001
-0.48793906053116287,-0.5977304368109426,8.56,0,0.52,6.137,87.4,1.3122979212077555,5,384.0,20.9,-0.3434398407625854,2.67000213346468,19.3,16.385803093072738,536.3738
-0.6954649900514125,-0.5977304368109426,8.56,0,0.52,6.167,90.0,1.2299329059954676,5,384.0,20.9,-0.33638867470334144,2.5900171341906173,20.1,15.972635666553536,555.03
-0.7178815580638738,-0.5977304368109426,8.56,0,0.52,5.851,96.7,1.1336254445051157,5,384.0,20.9,-0.3417807865344633,2.8604851241459652,19.5,16.736698461378044,565.7917
-0.5993490417557057,-0.5977304368109426,8.56,0,0.52,5.836,91.9,1.166582415107377,5,384.0,20.9,-0.3481640834016832,2.9785861147190205,19.5,17.383028565500204,536.3284000000001
-0.7225952389414085,-0.5977304368109426,8.56,0,0.52,6.127,85.2,1.1386019368842681,5,384.0,20.9,-0.316299168718714,2.7140322727797574,20.4,16.628875735321575,522.0204
-0.7329039409787406,-0.5977304368109426,8.56,0,0.52,6.474,97.1,1.2334053850096418,5,384.0,20.9,-0.3464739333709403,2.5855058483441162,19.8,16.73856486217981,628.6254
-0.36066050096008895,-0.5977304368109426,8.56,0,0.52,6.229,91.2,1.2655663683309426,5,384.0,20.9,-0.3305659512466585,2.806386101823072,19.4,17.480979028255916,568.0848
-0.800943693800083,-0.5977304368109426,8.56,0,0.52,6.195,54.4,1.3291418296155821,5,384.0,20.9,-0.33956420205397175,2.6390573296152584,21.7,16.348960156966527,337.008
-0.8259455209031383,-0.5977304368109426,10.01,0,0.547,6.715,81.6,1.3022331734934556,6,432.0,17.8,-0.34784986499459375,2.412335956953165,22.8,16.198835950940502,547.944
-0.748562315842495,-0.5977304368109426,10.01,0,0.547,5.913,92.9,1.2099747565215704,6,432.0,17.8,-0.3453323614706581,2.845490610223448,18.8,16.825385978251248,549.3177000000001
-0.4608551351733276,-0.5977304368109426,10.01,0,0.547,6.092,95.4,1.266384064447333,6,432.0,17.8,-0.3529821088220308,2.895359299407204,18.7,17.638528851988685,581.1768
-0.6868821053590083,-0.5977304368109426,10.01,0,0.547,6.254,84.2,1.180652999004319,6,432.0,17.8,-0.3205529814819595,2.4379897300002487,18.5,15.247187771421554,526.5867999999999
-0.5989417448189251,-0.5977304368109426,10.01,0,0.547,5.928,88.2,1.242164141699867,6,432.0,17.8,-0.12544077191073985,2.818995095053937,18.3,16.711002923479736,522.8496
-0.7212603956304158,-0.5977304368109426,10.01,0,0.547,6.176,72.5,1.3164350429478264,6,432.0,17.8,-0.33881097217599404,2.5680215564985067,21.2,15.860101132934778,447.76
-0.659863897556336,-0.5977304368109426,10.01,0,0.547,6.021,82.6,1.321062266182275,6,432.0,17.8,-0.3435976949597435,2.424802725718295,19.2,14.599737211549854,497.33459999999997
-0.7245188995927115,-0.5977304368109426,10.01,0,0.547,5.872,73.1,1.246313644815461,6,432.0,17.8,-0.09420884664631113,2.7954503913830435,20.4,16.41488469820123,429.24319999999994
-0.6791796346324591,-0.5977304368109426,10.01,0,0.547,5.731,65.2,1.3242061688064688,6,432.0,17.8,-0.33164543390970247,2.681706225762608,19.3,15.368858379845506,373.6612
-0.9452252551370144,-0.5977304368109426,25.65,0,0.581,5.87,69.7,1.1810214249088273,2,188.0,19.1,-0.3222089032747658,2.7324175575505043,22.0,16.039291062821462,409.139
-0.9348024433331061,-0.5977304368109426,25.65,0,0.581,6.004,84.1,1.1623379795486546,2,188.0,19.1,-0.2747394125392812,2.725890119230541,20.3,16.36624427586017,504.93639999999994
-0.8542619459634737,-0.5977304368109426,25.65,0,0.581,5.961,92.9,1.1271673510853832,2,188.0,19.1,-0.2765173504103356,2.9407479652212314,20.5,17.52979862068376,553.7769000000001
-0.6617123706291814,-0.5977304368109426,25.65,0,0.581,5.856,97.0,1.0799050612024137,2,188.0,19.1,-0.24305414918948695,3.273742726309041,17.3,19.171037405265743,568.032
-0.8343514796893811,-0.5977304368109426,25.65,0,0.581,5.879,95.8,1.1007100867502557,2,188.0,19.1,-0.28195816849805816,2.922085733385692,18.8,17.178942026574482,563.2081999999999
-0.6057114796885035,-0.5977304368109426,25.65,0,0.581,5.986,88.4,1.0962428170193752,2,188.0,19.1,-0.30539713369670674,2.7606426512213806,21.4,16.525206910211185,529.1624
-0.11422559481120495,-0.5977304368109426,25.65,0,0.581,5.613,95.6,1.0142156720293598,2,188.0,19.1,-0.19366390773033978,3.3414473772563813,15.7,18.75554412854007,536.6028
-0.37098388563333085,-0.5977304368109426,21.89,0,0.624,5.693,96.0,1.025432091126597,4,437.0,21.2,-0.3340797862153593,2.900871992530031,16.2,16.514664253473466,546.528
-0.22893832491715205,-0.5977304368109426,21.89,0,0.624,6.431,98.8,1.0340737675305385,4,437.0,21.2,-0.3529821088220308,2.7966713927557385,18.0,17.985393726812156,635.3828
0.44863063361464606,-0.5977304368109426,21.89,0,0.624,5.637,94.7,1.091889742907283,4,437.0,21.2,-0.3529821088220308,2.9621754900251482,14.3,16.69778323727176,533.8239
-0.20040884442894794,-0.5977304368109426,21.89,0,0.624,6.458,98.9,1.1373521169840404,4,437.0,21.2,-0.34568678942816794,2.6100697927420065,19.2,16.855830721527877,638.6962000000001
0.64205302492761,-0.5977304368109426,21.89,0,0.624,6.326,97.7,1.1850957485562468,4,437.0,21.2,-0.3529821088220308,2.5847519847577165,19.6,16.351141055577315,618.0502
0.17492765301597316,-0.5977304368109426,21.89,0,0.624,6.372,97.9,1.2021912182435053,4,437.0,21.2,-0.30843099801720114,2.4948569806411682,23.0,15.897228680645524,623.8188
-0.22027884297811534,-0.5977304368109426,21.89,0,0.624,5.822,95.4,1.2441257750997043,4,437.0,21.2,-0.3203508446000889,2.7744619666214616,18.4,16.152917569670148,555.4188
0.5156753708757076,-0.5977304368109426,21.89,0,0.624,5.757,98.4,1.2077656025646322,4,437.0,21.2,0.37043223866960656,2.907447358686419,15.6,16.738174443957714,566.4888
0.13589501745397092,-0.5977304368109426,21.89,0,0.624,6.335,98.2,1.1348477812502051,4,437.0,21.2,-0.34422884952903005,2.8881470628740535,18.1,18.296411643307128,622.097
-0.2344865822163657,-0.5977304368109426,21.89,0,0.624,5.942,93.5,1.0875176366624961,4,437.0,21.2,-0.2771938170666098,2.884800712846709,17.4,17.141485835735146,555.577
-0.17718812258896782,-0.5977304368109426,21.89,0,0.624,6.454,98.4,1.0472488163795515,4,437.0,21.2,-0.34189938648789736,2.7466296830696852,17.1,17.726747974531747,635.0736
-0.39289832895562826,-0.5977304368109426,21.89,0,0.624,5.857,98.2,0.9815539903261833,4,437.0,21.2,-0.3338007491785242,3.1054831375131102,13.3,18.188814736414287,575.1574
0.11919799908681582,-0.5977304368109426,21.89,0,0.624,6.151,97.9,0.9815914624562909,4,437.0,21.2,-0.3529821088220308,2.968361076757859,17.8,18.25838898313759,602.1829
-0.300172249895009,-0.5977304368109426,21.89,0,0.624,6.174,93.6,0.9600779258420978,4,437.0,21.2,-0.31788135022931185,3.22525543183224,14.0,19.91272703613225,577.8864
0.8221169484153817,-0.5977304368109426,21.89,0,0.624,5.019,100.0,0.8917521074270008,4,437.0,21.2,-0.3529821088220308,3.566994266123812,14.4,17.902744221675412,501.90000000000003
1.149815228603652,-0.5977304368109426,19.58,1,0.871,5.403,100.0,0.8422566031477864,5,403.0,14.7,-0.3529821088220308,3.325755186495297,13.4,17.969055272634087,540.3
1.2247091508835817,-0.5977304368109426,19.58,0,0.871,5.468,100.0,0.8803733566873551,5,403.0,14.7,-0.3529821088220308,3.3112726741341683,15.6,18.106038982165632,546.8
1.078999192733974,-0.5977304368109426,19.58,0,0.871,4.903,97.8,0.8526691235768303,5,403.0,14.7,-0.3529821088220308,3.410817625039146,11.8,16.72323881556693,479.51339999999993
1.0112140003527101,-0.5977304368109426,19.58,0,0.871,6.13,100.0,0.8833955701698857,5,403.0,14.7,1.254238542151317,3.3603753871419,13.8,20.59910112317985,613.0
0.9651141997991116,-0.5977304368109426,19.58,0,0.871,5.628,100.0,0.9229087841757304,5,403.0,14.7,1.3019712078765302,2.8707357833793057,15.6,16.15650098885873,562.8
1.009161831745128,-0.5977304368109426,19.58,0,0.871,4.926,95.7,0.9004865003291879,5,403.0,14.7,-0.33248418980059685,3.4187098067467865,14.6,16.84056450803467,471.4182
1.0018452510994393,-0.5977304368109426,19.58,0,0.871,5.186,93.8,0.9280611874730705,5,403.0,14.7,-0.18304747086060746,3.3782698770184507,17.8,17.519707582217684,486.4468
1.0720293925249185,-0.5977304368109426,19.58,0,0.871,5.597,94.9,0.9265182520295909,5,403.0,14.7,-0.15892162864548035,3.1112906141882632,15.4,17.413893567611712,531.1553000000001
0.8313360191187285,-0.5977304368109426,19.58,0,0.871,6.122,97.3,0.9624106674877082,5,403.0,14.7,-0.25388705121934374,2.714694743820879,21.5,16.61936122167142,595.6705999999999
0.7752294364634107,-0.5977304368109426,19.58,0,0.871,5.404,100.0,0.9522754455936651,5,403.0,14.7,-0.10909266172684068,2.658859956911438,19.6,14.368479207149411,540.4
0.606736716215299,-0.5977304368109426,19.58,1,0.871,5.012,88.0,0.9594268467512903,5,403.0,14.7,-0.11742142184409687,2.574137783515943,15.3,12.901578570981906,441.056
0.9638113583356744,-0.5977304368109426,19.58,0,0.871,5.709,98.5,0.9643949465483015,5,403.0,14.7,0.37645900156857054,2.8207834710894493,19.4,16.103852836449665,562.3365
0.742950689458832,-0.5977304368109426,19.58,1,0.871,6.129,96.0,1.0113827060551825,5,403.0,14.7,-0.0015446370637353449,2.780060737078482,17.0,17.038992257554014,588.384
1.173030454456291,-0.5977304368109426,19.58,1,0.871,6.152,82.6,1.0099632077367904,5,403.0,14.7,2.749581383064073,2.7738379416402132,15.6,17.064651016970593,508.1552
1.023791230858037,-0.5977304368109426,19.58,0,0.871,5.272,94.0,1.006643187904706,5,403.0,14.7,2.7354707880329068,2.8414149131696336,13.1,14.97993942223031,495.56800000000004
0.6574952350970498,-0.5977304368109426,19.58,0,0.605,6.943,97.4,1.056852354419878,5,403.0,14.7,-0.2125013363304483,1.7209792871670078,41.3,11.948759190800534,676.2482
0.712995298151927,-0.5977304368109426,19.58,0,0.605,6.066,100.0,1.0142519400500365,5,403.0,14.7,-0.16856387276558493,2.005525858729668,24.3,12.165519859054164,606.6
0.7474740807963324,-0.5977304368109426,19.58,0,0.871,6.51,100.0,1.017366079299071,5,403.0,14.7,-0.21646104773362046,2.127040520479115,23.3,13.847033788319038,651.0
0.6815602207201268,-0.5977304368109426,19.58,1,0.605,6.25,92.6,1.0290478252822006,5,403.0,14.7,-0.09567122826407505,1.8718021769015913,27.0,11.698763605634946,578.75
0.9838844421727762,-0.5977304368109426,19.58,0,0.605,5.854,91.8,1.2302251754700018,5,403.0,14.7,-0.34596236411219156,2.5368663887187113,22.7,14.850815839559337,537.3972
1.0998534991044704,-0.5977304368109426,19.58,0,0.605,6.101,93.0,1.1888794708782808,5,403.0,14.7,0.5494048679808622,2.3804716316511167,25.0,14.523257424703463,567.393
0.8754079990813937,-0.5977304368109426,19.58,0,0.605,5.877,79.2,1.2313642109178486,5,403.0,14.7,0.6594416388837638,2.5756610130564646,23.8,15.137159773732842,465.4584
0.9957644360361269,-0.5977304368109426,19.58,0,0.605,6.319,96.1,1.1314021114911006,5,403.0,14.7,0.13783143720284033,2.4932054526026954,23.8,15.754565254996432,607.2559
1.024311901428718,-0.5977304368109426,19.58,0,0.605,6.402,95.2,1.1824937726488118,5,403.0,14.7,-0.049977010651311965,2.511223958105374,22.3,16.076855779790606,609.4704
0.6494156949376665,-0.5977304368109426,19.58,0,0.605,5.875,94.6,1.2313642109178486,5,403.0,14.7,0.1678731920260643,2.7363136663750693,17.4,16.075842789953533,555.775
0.9984630117613168,-0.5977304368109426,19.58,0,0.605,5.88,97.3,1.220446367018825,5,403.0,14.7,-0.1411071735853902,2.567254391136754,19.1,15.095455819884112,572.124
-0.6969284867438729,-0.5977304368109426,4.05,0,0.51,5.572,88.5,1.2798499248990267,5,296.0,16.6,-0.3529821088220308,2.753023566744941,23.1,15.339847313902812,493.122
-0.8586874230069625,-0.5977304368109426,4.05,0,0.51,6.416,84.1,1.293712954824322,5,296.0,16.6,-0.3474962447067944,2.306577114263583,23.6,14.79899876511515,539.5856
-0.8857771893092006,-0.5977304368109426,4.05,0,0.51,5.859,68.7,1.3088462013607478,5,296.0,16.6,-0.33853331618211085,2.3646204839134985,22.6,13.854311415249189,402.5133
-0.954507070222528,-0.5977304368109426,4.05,0,0.51,6.546,33.1,1.4188341526876722,5,296.0,16.6,-0.3294852491929142,1.8453002361560848,29.4,12.079335345877732,216.67260000000002
-0.9403947372009182,-0.5977304368109426,4.05,0,0.51,6.02,47.2,1.5162035765741146,5,296.0,16.6,-0.33853331618211085,2.4078456036515385,23.2,14.49523053398226,284.144
-1.0046192036802168,-0.5977304368109426,4.05,0,0.51,6.315,73.4,1.4626765310386967,5,296.0,16.6,-0.3478891479939504,1.986503546020567,24.6,12.54476989311988,463.5210000000001
-0.9553795743611171,-0.5977304368109426,4.05,0,0.51,6.86,74.4,1.3648919548594545,5,296.0,16.6,-0.3307259514987111,2.0693912058263346,29.9,14.196023671968657,510.38400000000007
-0.9900554267070448,-0.5977304368109426,2.46,0,0.488,6.98,58.4,1.3426036724951576,3,193.0,17.8,-0.3529821088220308,1.7984040119467235,37.2,12.552860003388131,407.632
-0.9575237782576146,-0.5977304368109426,2.46,0,0.488,7.765,83.3,1.319352955366009,3,193.0,17.8,-0.3477320062250334,2.1471001901536506,39.8,16.672232976543096,646.8245
-0.9456581740799471,-0.5977304368109426,2.46,0,0.488,6.144,62.2,1.280350341923648,3,193.0,17.8,-0.3529821088220308,2.34660197841082,36.2,14.41752255535608,382.15680000000003
-0.8614387596167723,-0.5977304368109426,2.46,0,0.488,7.155,92.2,1.3084949686654788,3,193.0,17.8,-0.34205749674921077,1.7613002617433464,37.9,12.602103372773644,659.691
-0.8286574829363618,-0.5977304368109426,2.46,0,0.488,6.563,95.6,1.347293623770158,3,193.0,17.8,-0.3529821088220308,1.8991179875485542,32.5,12.46391135228116,627.4227999999999
-0.8909981170390701,-0.5977304368109426,2.46,0,0.488,5.604,89.8,1.383264776559526,3,193.0,17.8,-0.3296454302237428,2.7067159780890733,26.4,15.168436341211168,503.2392
-0.9792116917687573,-0.5977304368109426,2.46,0,0.488,6.153,68.8,1.4538829136791003,3,193.0,17.8,-0.31394136938215955,2.649714624089247,29.6,16.303694082021135,423.3264
-0.9074077186589115,1.6865640804695026,3.44,0,0.437,6.782,41.1,1.5662380931278812,5,398.0,15.2,-0.3410688760197444,2.038619547159581,32.0,13.825917768836279,278.7402
-0.7402592419905693,1.6865640804695026,3.44,0,0.437,6.556,29.1,1.7168024187606237,5,398.0,15.2,-0.2964040359211597,1.715598108262491,29.8,11.24746119776889,190.77960000000002
-0.8886665681531238,1.6865640804695026,3.44,0,0.437,7.185,38.9,1.7168024187606237,5,398.0,15.2,-0.3529821088220308,1.8547342683894434,34.9,13.326265718378151,279.49649999999997
-0.862724890917686,1.6865640804695026,3.44,0,0.437,6.951,21.5,2.012206053661006,5,398.0,15.2,-0.2747817816832215,1.8082887711792655,37.0,12.569415248467074,149.4465
-0.9447531527577372,1.6865640804695026,3.44,0,0.437,6.739,30.8,2.012206053661006,5,398.0,15.2,-0.3244660497032302,1.7387102481382397,30.5,11.717168362203598,207.5612
-0.8776714715061733,1.6865640804695026,3.44,0,0.437,7.178,26.3,2.012206053661006,5,398.0,15.2,-0.327601112240173,1.3532545070416904,36.4,9.713660851545253,188.7814
-1.1456597728171283,1.695346902878933,2.93,0,0.401,6.8,9.9,1.9767995497079562,1,265.0,15.6,-0.3390885472464093,1.7967470107390942,31.1,12.21787967302584,67.32000000000001
-1.1805004356486009,1.695346902878933,2.93,0,0.401,6.604,18.8,1.9767995497079562,1,265.0,15.6,-0.2706209343805616,1.682688374173693,29.1,11.112474023043069,124.15520000000001
-1.0643386147109244,1.7027418384472897,1.52,0,0.404,7.287,34.1,2.1173392646828444,2,329.0,12.6,-0.3529821088220308,1.6253112615903906,33.3,11.843643163209176,248.4867
-1.0363289567303493,1.7027418384472897,1.52,0,0.404,7.107,36.6,2.1173392646828444,2,329.0,12.6,-0.1705380283956829,2.262804222982201,30.3,16.081749612734505,260.1162
-1.0748860904686273,1.7027418384472897,1.52,0,0.404,7.274,38.3,2.1173392646828444,2,329.0,12.6,-0.3344384283430824,2.030776369698555,34.6,14.771867313187288,278.5942
-1.102100849670154,1.7066094986363967,1.47,0,0.403,6.975,15.3,2.1579523072983493,3,402.0,17.0,-0.3529821088220308,1.715598108262491,34.9,11.966296805130874,106.7175
-1.1645987242055802,1.7066094986363967,1.47,0,0.403,7.135,13.9,2.1579523072983493,3,402.0,17.0,-0.3024361288779781,1.6956156086751528,32.9,12.098217367897215,99.1765
-1.0890394314982292,1.7034623077020463,2.03,0,0.415,6.162,38.4,1.9837562915454279,2,348.0,14.7,-0.340673139814628,2.131796772013764,24.1,13.136131709148813,236.62079999999997
-1.146119655871205,1.7034623077020463,2.03,0,0.415,7.61,15.7,1.9837562915454279,2,348.0,14.7,-0.34702454567797925,1.4134230285081433,42.3,10.75614924694697,119.477
-1.0861788928858351,1.7066094986363967,2.68,0,0.4161,7.853,33.2,1.8112352457287118,4,224.0,14.7,-0.33674645020185595,1.5706970841176697,48.5,12.33468420157606,260.7196
-0.7056218253967808,-0.5977304368109426,10.59,0,0.489,5.891,22.3,1.5984578515909373,4,277.0,18.6,-0.3529821088220308,2.4740142086215764,22.6,14.574417702989706,131.3693
-0.44179544804788456,-0.5977304368109426,10.59,0,0.489,6.326,52.5,1.678012029589027,4,277.0,18.6,-0.3450172032292461,2.482403519569882,24.4,15.703684664799072,332.11499999999995
-0.38772003917042974,-0.5977304368109426,10.59,0,0.489,5.783,72.7,1.678012029589027,4,277.0,18.6,-0.32333813952004375,2.947591898226056,22.5,17.04592394744128,420.42410000000007
-0.7073879516448349,-0.5977304368109426,10.59,1,0.489,6.064,59.1,1.6561688149217069,4,277.0,18.6,-0.29008413061372523,2.751109690562657,24.4,16.682729163571953,358.3824
-0.034563232648318454,-0.5977304368109426,10.59,1,0.489,5.344,100.0,1.5841201044498106,4,277.0,18.6,-0.3529821088220308,3.18179681662678,20.0,17.003522188053513,534.4
-0.5899052496534141,-0.5977304368109426,10.59,1,0.489,5.96,92.1,1.5845507809261508,4,277.0,18.6,-0.33861265472547847,2.9052603703899154,21.7,17.315351807523896,548.9159999999999
-0.13450556269544436,-0.5977304368109426,10.59,1,0.489,5.404,88.6,1.5400878342993072,4,277.0,18.6,-0.3464739333709403,3.2180755046974316,19.3,17.39048002738492,478.79439999999994
-0.4734680942118346,-0.5977304368109426,10.59,1,0.489,5.807,53.8,1.5374262031238066,4,277.0,18.6,-0.3294051486250611,2.834976494674597,22.4,16.462708504575385,312.4166
-0.6925437780202399,-0.5977304368109426,10.59,0,0.489,6.375,32.3,1.5984578515909373,4,277.0,18.6,-0.3086356466004541,2.3398808777377424,28.1,14.916740595578108,205.9125
-0.30307512926912666,-0.5977304368109426,10.59,0,0.489,5.412,9.8,1.5233352133806886,4,277.0,18.6,-0.14496376133864428,3.4193646856176043,23.7,18.505601678562474,53.037600000000005
-0.5240769082352622,-0.5977304368109426,10.59,0,0.489,6.182,42.4,1.5984578515909373,4,277.0,18.6,-0.34011883245315033,2.3485140248824456,25.0,14.518513701823279,262.1168
-1.0408207258840003,-0.5977304368109426,13.89,1,0.55,5.888,56.0,1.413933846923308,5,276.0,16.4,-0.33682593764085395,2.6748380668960965,23.3,15.749446537884216,329.728
-0.9407475496394732,-0.5977304368109426,13.89,0,0.55,6.642,85.1,1.4863885339051899,5,276.0,16.4,-0.33674645020185595,2.3693087250369538,28.7,15.736948551695448,565.2342
-0.7913541961848551,-0.5977304368109426,13.89,1,0.55,5.951,93.8,1.3582291928515473,5,276.0,16.4,-0.3529821088220308,2.9402195636237325,21.5,17.49724662312483,558.2038
-0.7791013226315291,-0.5977304368109426,13.89,1,0.55,6.373,92.4,1.4732286518051143,5,276.0,16.4,-0.3405543868463409,2.4423470353692043,23.0,15.56507765640794,588.8652000000001
-0.1665018079643576,-0.5977304368109426,6.2,1,0.507,6.951,88.5,1.3511075010305078,8,307.0,17.4,-0.33244426572887426,2.3711778844596574,26.7,16.482057474879078,615.1635
-0.07971656522637177,-0.5977304368109426,6.2,1,0.507,6.164,91.3,1.3982229319851645,8,307.0,17.4,-0.3464739333709403,3.111735949310297,21.7,19.18074039154867,562.7732
0.21321887519534213,-0.5977304368109426,6.2,1,0.507,6.879,77.7,1.4521055096236255,8,307.0,17.4,-0.32719975350213076,2.391511302188447,27.5,16.451206247754328,534.4983
0.20330593333106728,-0.5977304368109426,6.2,0,0.507,6.618,80.8,1.4521055096236255,8,307.0,17.4,-0.3529821088220308,2.151762203259462,30.1,14.24036226117112,534.7344
-0.24919147068515737,-0.5977304368109426,6.2,0,0.504,8.266,78.3,1.359539623811071,8,307.0,17.4,-0.305520313042751,1.6370530794670737,44.8,13.53188075487483,647.2278
-0.12329602441253115,-0.5977304368109426,6.2,0,0.504,8.04,86.5,1.4388156512119903,8,307.0,17.4,-0.3150396824797656,1.4182774069729414,37.6,11.402950352062447,695.4599999999999
-0.07200497850835821,-0.5977304368109426,6.2,0,0.504,7.163,79.9,1.4388156512119903,8,307.0,17.4,-0.25076669450624633,1.9960599327407849,31.6,14.297777298222243,572.3237
-0.2846548870126211,-0.5977304368109426,6.2,0,0.504,7.686,17.0,1.4759293766912145,8,307.0,17.4,-0.27406125854789193,1.5933085305042167,46.7,12.24616936545541,130.662
-0.02510740175341848,-0.5977304368109426,6.2,0,0.504,6.552,21.4,1.4759293766912145,8,307.0,17.4,-0.2859876840197542,1.5602476682433286,31.5,10.222742722330288,140.2128
0.10955012108187331,-0.5977304368109426,6.2,0,0.504,5.981,68.1,1.5414802192508732,8,307.0,17.4,-0.27761637287750496,2.5376572151735295,24.3,15.17772780395288,407.30609999999996
0.007008623033032053,-0.5977304368109426,6.2,0,0.504,7.412,76.9,1.5414802192508732,8,307.0,17.4,-0.2682354152073239,1.8325814637483102,31.7,13.583093809302476,569.9828
0.1573485456862485,-0.5977304368109426,6.2,0,0.507,8.337,73.3,1.5765840875630222,8,307.0,17.4,-0.3090448140393422,1.244154593958768,41.7,10.372516849834248,611.1021
-0.2170462309939515,-0.5977304368109426,6.2,0,0.507,8.247,70.4,1.5372757382946765,8,307.0,17.4,-0.2801479047688908,1.599387576580599,48.3,13.190149344060199,580.5888
-0.015673601311682314,-0.5977304368109426,6.2,1,0.507,6.726,66.5,1.5372757382946765,8,307.0,17.4,-0.19783429558490007,2.2027647577118348,29.0,14.8157957603698,447.279
-0.21904315663246623,-0.5977304368109426,6.2,0,0.507,6.086,61.5,1.5372757382946765,8,307.0,17.4,-0.27083364749816086,2.474856313934499,24.0,15.06197552660536,374.28900000000004
0.08801878381410105,-0.5977304368109426,6.2,1,0.507,6.631,76.5,1.63860828973388,8,307.0,17.4,-0.31937999602039574,2.355177543113216,25.1,15.617182288383736,507.2715
0.0762764245046793,-0.5977304368109426,6.2,0,0.507,7.358,71.6,1.63860828973388,8,307.0,17.4,-0.325914275134491,1.7457155307266483,31.5,12.844974875086677,526.8327999999999
-0.8934096043006914,1.6711501059098743,4.93,0,0.428,6.481,18.5,1.9726772634303937,6,300.0,16.6,-0.2820843415877253,1.9960599327407849,23.7,12.936464424093026,119.8985
-0.8559789801409621,1.6711501059098743,4.93,0,0.428,6.606,42.2,1.9726772634303937,6,300.0,16.6,-0.3002919977621456,2.124653884501384,23.3,14.035463561016142,278.77320000000003
-0.7823926809412044,1.6711501059098743,4.93,0,0.428,6.897,54.3,1.9928073662680181,6,300.0,16.6,-0.3306459547177025,2.5160822672564502,22.0,17.35341939726774,374.5071
-0.8072756941627444,1.6711501059098743,4.93,0,0.428,6.095,65.1,1.9928073662680181,6,300.0,16.6,-0.34403165878132663,2.5952547069568657,20.1,15.818077438902096,396.7844999999999
-0.8186260075704946,1.6711501059098743,4.93,0,0.428,6.358,52.9,2.0838692250069877,6,300.0,16.6,-0.25367067485681605,2.503073953743449,22.2,15.914544197900849,336.3382
-0.734384342612793,1.6711501059098743,4.93,0,0.428,6.393,7.8,2.0838692250069877,6,300.0,16.6,-0.26211761529186506,1.8229350866965048,23.7,11.654024009250755,49.865399999999994
-0.5024889765198163,1.6562295490832342,5.86,0,0.431,5.593,76.5,2.192200868504484,7,330.0,19.1,-0.2525447603713936,2.6026896854443837,17.6,14.556843410690439,427.8645
-0.5423482801442507,1.6562295490832342,5.86,0,0.431,5.605,70.2,2.192200868504484,7,330.0,19.1,-0.32212819273994203,2.968361076757859,18.5,16.6376638352278,393.47100000000006
-0.20085017034196478,1.6562295490832342,5.86,0,0.431,6.108,34.9,2.2033723079224536,7,330.0,19.1,-0.3263563527361476,2.318458442150336,24.3,14.161144164654251,213.1692
-0.5280095598212765,1.6562295490832342,5.86,0,0.431,6.226,79.2,2.2033723079224536,7,330.0,19.1,-0.2682354152073239,2.411439497906128,20.5,15.013622313963554,493.0992
-0.6193517735291123,1.6562295490832342,5.86,0,0.431,6.433,49.1,2.1777585600472005,7,330.0,19.1,-0.26211761529186506,2.3532782073095637,24.5,15.138638707622423,315.8603
-0.5440029292284829,1.6562295490832342,5.86,0,0.431,6.718,17.5,2.1777585600472005,7,330.0,19.1,-0.3405543868463409,2.0228711901914416,26.2,13.589648655706105,117.565
-0.6932416286164788,1.6562295490832342,5.86,0,0.431,6.487,13.0,2.1278387715178266,7,330.0,19.1,-0.35055657703533954,1.9315214116032138,24.4,12.529779397070048,84.331
-0.48148168564477617,1.6562295490832342,5.86,0,0.431,6.438,8.9,2.1278387715178266,7,330.0,19.1,-0.2721939279306986,1.5238800240724537,24.8,9.810739594978456,57.2982
-0.8942774082290743,1.6562295490832342,5.86,0,0.431,6.957,6.8,2.2932112959133386,7,330.0,19.1,-0.3097808798432777,1.5107219394949427,29.6,10.510092533066317,47.3076
-0.1467325556381452,1.6562295490832342,5.86,0,0.431,8.259,8.4,2.2932112959133386,7,330.0,19.1,-0.3529821088220308,1.5129270120532565,42.8,12.495264192547847,69.3756
-1.0298731667992556,1.7027418384472897,3.64,0,0.392,6.108,32.0,2.3243759385521683,1,315.0,16.4,-0.33718354912754683,2.0241930674493576,21.9,12.363771255980675,195.456
-1.084509469322665,1.7027418384472897,3.64,0,0.392,5.876,19.1,2.3243759385521683,1,315.0,16.4,-0.34623785876660823,2.327277705584417,20.9,13.675083798014036,112.23160000000001
-1.175837231175726,1.7054327779224945,3.75,0,0.394,7.454,34.2,1.9928073662680181,3,244.0,15.9,-0.3108022654041672,1.4134230285081433,44.0,10.5356552544997,254.92680000000001
0.2561450885813417,1.6509678064515214,3.97,0,0.647,7.333,100.0,1.0628469322213672,5,264.0,13.0,-0.2982672315606901,2.1736147116970854,36.0,15.939116680874728,733.3000000000001
0.24897308156680442,1.6509678064515214,3.97,0,0.647,6.842,100.0,1.1021726098628668,5,264.0,13.0,-0.3333620976215272,2.066862759472976,30.1,14.1414750003141,684.1999999999999
0.11355607091757133,1.6509678064515214,3.97,0,0.647,7.203,81.8,1.1352977394759622,5,264.0,13.0,-0.33682593764085395,2.359910159613315,33.8,16.99843287969471,589.2054
0.10582019365529445,1.6509678064515214,3.97,0,0.647,7.52,89.4,1.1441591036240801,5,264.0,13.0,-0.3190561620802746,2.1114245875328868,43.1,15.877912898247308,672.288
0.08743284036284864,1.6509678064515214,3.97,0,0.647,8.398,91.5,1.1904315337592686,5,264.0,13.0,-0.31292329749882464,1.9329696377795786,48.8,16.2330790180729,768.4169999999999
0.40484649184453375,1.6509678064515214,3.97,0,0.647,7.327,94.5,1.1245399106780254,5,264.0,13.0,-0.3392867656282489,2.505525936990736,31.0,18.357988540331124,692.4014999999999
0.1262349168581963,1.6509678064515214,3.97,0,0.647,7.206,91.6,1.0750365521394039,5,264.0,13.0,-0.3171108683100375,2.2082744135228043,36.5,15.912825423845328,660.0696
0.3506377927749817,1.6509678064515214,3.97,0,0.647,5.56,62.8,1.0941021331902236,5,264.0,13.0,-0.33523492877047784,2.4379897300002487,22.8,13.555222898801382,349.16799999999995
0.3717448176637142,1.6509678064515214,3.97,0,0.647,7.014,84.6,1.1419590931714756,5,264.0,13.0,-0.3014883464844929,2.7593768282675506,30.7,19.3542690734686,593.3844
0.11405683282789887,1.6509678064515214,3.97,0,0.575,7.47,52.6,1.3537711694143306,5,264.0,13.0,-0.32683838688220435,1.425515074273172,43.5,10.648597604820594,392.922
-0.8628351952341381,1.6509678064515214,6.96,1,0.464,5.92,61.5,1.5928002712810772,3,223.0,18.6,-0.3310058875612926,2.6844403354630764,20.7,15.891886785941411,364.08
-0.28261005845105164,1.6509678064515214,6.96,0,0.464,5.856,42.1,1.6917549549233142,3,223.0,18.6,-0.320189104509979,2.6390573296152584,21.1,15.454319722226954,246.5376
-0.626133272668067,1.6509678064515214,6.96,0,0.464,6.24,16.3,1.6917549549233142,3,223.0,18.6,-0.3529821088220308,2.0268315914075385,25.2,12.64742913038304,101.712
-0.7779036836375591,1.6509678064515214,6.96,0,0.464,6.538,58.7,1.5928002712810772,3,223.0,18.6,-0.345371748892909,2.166765369851511,24.4,14.166311988089179,383.78060000000005
-0.4614654593109038,1.6509678064515214,6.96,1,0.464,7.691,51.8,1.680175926939442,3,223.0,18.6,-0.32872402309118476,2.0255131996542803,35.2,15.57822201854107,398.39379999999994
-0.9956149577268851,1.6824916799405305,6.41,1,0.447,6.758,32.9,1.6248387090101233,4,254.0,17.6,-0.3529821088220308,1.5107219394949427,32.4,10.209458867106823,222.3382
-0.8431793793496809,1.6824916799405305,6.41,0,0.447,6.854,42.8,1.6615178972995361,4,254.0,17.6,-0.3529821088220308,1.3812818192963463,32.0,9.467305589457158,293.3512
-0.8123027595281447,1.6824916799405305,6.41,1,0.447,7.267,49.0,1.7556485822156964,4,254.0,17.6,-0.3226123543049545,1.9530276168241774,33.2,14.192651691461297,356.083
-0.9759807913309644,1.6824916799405305,6.41,1,0.447,6.826,27.6,1.7686273051710086,4,254.0,17.6,-0.3394056768531907,1.6409365794934714,33.1,11.201033091622435,188.3976
-0.9034841184337421,1.6824916799405305,6.41,0,0.447,6.482,32.1,1.637111443522614,4,254.0,17.6,-0.3529821088220308,2.102913897864978,29.1,13.631087885960788,208.0722
-0.49115718032118033,1.6509678064515214,3.33,0,0.4429,6.812,32.2,1.6293777852136486,5,216.0,14.9,-0.3529821088220308,1.766441661243765,35.1,12.033000596392528,219.34640000000002
-1.0831930069932751,1.6509678064515214,3.33,0,0.4429,7.82,64.5,1.7395359177240892,5,216.0,14.9,-0.31475505463814435,1.5602476682433286,45.4,12.201136765662831,504.39000000000004
-1.077634632229821,1.6509678064515214,3.33,0,0.4429,6.968,37.2,1.8317331039929141,5,216.0,14.9,-0.334557945786393,1.7209792871670078,35.4,11.991783672979711,259.2096
-0.9759001254996698,1.6509678064515214,3.33,1,0.4429,7.645,49.7,1.826466807281788,5,216.0,14.9,-0.2721939279306986,1.3887912413184778,46.0,10.617309039879762,379.9565
-1.2058847423828822,1.7054327779224945,2.97,0,0.4,7.088,20.8,2.1171346463254563,1,285.0,15.3,-0.34442599933517365,2.180417459019838,32.2,15.454798949532611,147.43040000000002
-1.196781661433314,1.6928508737184524,2.25,0,0.389,6.453,31.9,2.1171346463254563,1,300.0,15.3,-0.34442599933517365,2.222459048514761,22.0,14.341528240065752,205.8507
-1.1559064725149917,1.7027418384472897,1.76,0,0.385,6.23,31.5,2.311465544799983,1,241.0,18.2,-0.10909266172684068,2.6340447877917144,20.1,16.410099027942383,196.245
-1.0704048982168852,1.69146156680496,5.32,0,0.405,6.209,31.3,2.1183256597298024,6,293.0,16.6,-0.3529821088220308,2.096790180014449,23.2,13.018970227709714,194.3417
-1.0395478757718652,1.69146156680496,5.32,0,0.405,6.315,45.6,2.1183256597298024,6,293.0,16.6,-0.3529821088220308,2.151762203259462,22.3,13.588378313583503,287.964
-1.0520336024676828,1.69146156680496,5.32,0,0.405,6.565,22.9,2.1183256597298024,6,293.0,16.6,-0.24920285134438358,2.3523271848888596,24.8,15.443027968795365,150.3385
-1.0865306220662125,1.7027418384472897,4.95,0,0.411,6.861,27.9,1.8110227354089012,4,245.0,19.2,-0.3529821088220308,1.4655675420143985,28.5,10.055258905760788,191.4219
-0.9069880891721049,1.7027418384472897,4.95,0,0.411,7.148,27.7,1.8110227354089012,4,245.0,19.2,-0.3529821088220308,1.5173226235262947,37.3,10.845822112965953,197.9996
-1.0815711941533857,1.7027418384472897,4.95,0,0.411,6.63,23.4,1.8110227354089012,4,245.0,19.2,-0.3529821088220308,1.7404661748405046,27.9,11.539290739192545,155.142
-0.8926178048437728,-0.5977304368109426,13.92,0,0.437,6.127,18.4,1.87221747526867,4,289.0,16.0,-0.3529821088220308,2.259677591982769,23.9,13.845044606078424,112.73679999999999
-0.8951080642115435,-0.5977304368109426,13.92,0,0.437,6.009,42.3,1.87221747526867,4,289.0,16.0,-0.3529821088220308,2.4336133554004498,21.7,14.623582652601304,254.1807
-0.7286381095018694,-0.5977304368109426,13.92,0,0.437,6.678,31.1,1.9402369439592861,4,289.0,16.0,-0.3529821088220308,1.9837562915454279,28.6,13.247524514940368,207.6858
-1.0068079755068025,-0.5977304368109426,13.92,0,0.437,6.549,51.0,1.9402369439592861,4,289.0,16.0,-0.33702462725008203,2.127040520479115,27.1,13.929988368617725,333.999
-0.6909277225393051,-0.5977304368109426,13.92,0,0.437,5.79,58.0,1.9906103279732201,4,289.0,16.0,-0.3529821088220308,2.8237570088141806,20.3,16.349553081034106,335.82
-0.9623817515472244,1.6994635234188034,2.24,0,0.4,6.345,20.1,2.1779058329498193,5,358.0,14.8,-0.23395850454888995,1.7867469274045107,22.5,11.33690925438162,127.53450000000001
-0.9990199832819476,1.6994635234188034,2.24,0,0.4,7.041,10.0,2.1779058329498193,5,358.0,14.8,-0.24859402857944726,1.747459210331475,29.0,12.303860299943915,70.41
-1.0469053518585776,1.6994635234188034,2.24,0,0.4,6.871,47.4,2.1779058329498193,5,358.0,14.8,-0.3290846793178303,1.9558604799084813,24.8,13.438717357451177,325.6854
-1.0849925044502367,1.6763462204522086,6.09,0,0.433,6.59,40.4,1.8705244378637091,7,329.0,16.1,-0.34847819763820836,2.3513752571634776,22.0,15.495562944707316,266.236
-0.8554672641034538,1.6763462204522086,6.09,0,0.433,6.495,18.4,1.8705244378637091,7,329.0,16.1,-0.2995900050454527,2.269028309465203,26.4,14.737338869976492,119.508
-0.8289433166441053,1.6763462204522086,6.09,0,0.433,6.982,17.7,1.8705244378637091,7,329.0,16.1,-0.32736031716821373,1.7681496035889213,33.1,12.345220532257848,123.5814
-1.0009110651724784,1.6751453831097045,2.18,0,0.472,7.236,41.1,1.6138282607353933,7,222.0,18.4,-0.3403168364369471,2.0706530356467567,36.1,14.983245365939931,297.3996
-1.002393017186778,1.6751453831097045,2.18,0,0.472,6.616,58.1,1.4747630091074988,7,222.0,18.4,-0.3390488986181767,2.295560478057081,28.4,15.187428122825647,384.3896
-0.9216845235052172,1.6751453831097045,2.18,0,0.472,7.42,71.9,1.4107918327202782,7,222.0,18.4,-0.3529821088220308,2.010894999144726,33.4,14.920840893653867,533.498
-1.0251259832150084,1.6751453831097045,2.18,0,0.472,6.849,70.3,1.43095697102608,7,222.0,18.4,-0.3529821088220308,2.143589361503588,28.2,14.681443536938074,481.4847
0.05031876572362193,-0.5977304368109426,9.9,0,0.544,6.635,82.5,1.4626765310386967,4,304.0,18.4,-0.3529821088220308,1.7119945007591924,22.8,11.359083512537241,547.3874999999999
-0.18267605598997966,-0.5977304368109426,9.9,0,0.544,5.972,76.7,1.411596543982109,4,304.0,18.4,-0.3503998773146554,2.395164274287139,20.3,14.303921046042795,458.05240000000003
1.05640338632933,-0.5977304368109426,9.9,0,0.544,4.973,37.8,1.2582905205355241,4,304.0,18.4,-0.152252630064593,2.613006652415316,16.1,12.994482082461365,187.97939999999997
0.3757863178826813,-0.5977304368109426,9.9,0,0.544,6.122,52.8,1.2920660958349246,4,304.0,18.4,-0.3529821088220308,1.9430489167742813,22.1,11.895345468492149,323.24159999999995
-0.36511703870418016,-0.5977304368109426,9.9,0,0.544,6.023,90.4,1.3439086446234527,4,304.0,18.4,-0.3506349171655589,2.543175557911976,19.4,15.31754638530383,544.4792
-0.34757449050671413,-0.5977304368109426,9.9,0,0.544,6.266,82.8,1.449926221364664,4,304.0,18.4,-0.33916783955081026,2.186051276738094,21.6,13.697797300040898,518.8248
-0.14626449261069382,-0.5977304368109426,9.9,0,0.544,6.567,87.3,1.5265561785367003,4,304.0,18.4,-0.3482426217247868,2.330200260027019,23.8,15.302425107597434,573.2991
-0.3840249543889473,-0.5977304368109426,9.9,0,0.544,5.705,77.7,1.5983769650746753,4,304.0,18.4,-0.3511048217771239,2.5257286443082556,16.2,14.409281915778598,443.2785
-0.24324784498975552,-0.5977304368109426,9.9,0,0.544,5.914,83.2,1.6091578732267815,4,304.0,18.4,-0.32844341875965444,2.9616582932202395,17.8,17.515247146104496,492.0448
-0.40381912176717716,-0.5977304368109426,9.9,0,0.544,5.782,71.7,1.615757899178918,4,304.0,18.4,-0.3529821088220308,2.8296776892239084,19.8,16.361196399092638,414.56940000000003
-0.08921367680275422,-0.5977304368109426,9.9,0,0.544,6.382,67.2,1.511273663646869,4,304.0,18.4,-0.34635590341394995,2.4300984132930052,23.1,15.508888073635958,428.8704
0.025361586809740263,-0.5977304368109426,9.9,0,0.544,6.113,58.8,1.6098178402523857,4,304.0,18.4,-0.35036069832986905,2.6195832197798796,21.0,16.013512222514404,359.44440000000003
-0.6098763857179501,-0.5977304368109426,7.38,0,0.493,6.426,52.3,1.7120667003188066,5,287.0,19.6,-0.3529821088220308,2.1041341542702074,23.8,13.521166075340354,336.0798
-0.5695408116163388,-0.5977304368109426,7.38,0,0.493,6.376,54.3,1.7120667003188066,5,287.0,19.6,-0.3529821088220308,2.063058062429312,23.1,13.154058206049292,346.2168
-0.17941274792205303,-0.5977304368109426,7.38,0,0.493,6.041,49.9,1.7441610945952601,5,287.0,19.6,-0.3529821088220308,2.1633230256605382,20.4,13.068634398015313,301.4459
-0.31528158318427535,-0.5977304368109426,7.38,0,0.493,5.708,74.3,1.7441610945952601,5,287.0,19.6,-0.33016583351354944,2.5447466501440172,18.5,14.52541387902205,424.1044
-0.19843523976907892,-0.5977304368109426,7.38,0,0.493,6.415,40.1,1.7441610945952601,5,287.0,19.6,-0.3529821088220308,1.9629077254238845,25.0,12.59205305859422,257.24150000000003
-0.5408888768144282,-0.5977304368109426,7.38,0,0.493,6.431,14.7,1.858779284407837,5,287.0,19.6,-0.3403168364369471,1.8050046959780757,24.6,11.607985199835005,94.53569999999999
-0.27357995650609634,-0.5977304368109426,7.38,0,0.493,6.312,28.9,1.858779284407837,5,287.0,19.6,-0.3529821088220308,1.9671123567059163,23.0,12.416413195527744,182.4168
-0.4139196772898372,-0.5977304368109426,7.38,0,0.493,6.083,43.7,1.858779284407837,5,287.0,19.6,-0.3529821088220308,2.6239436918052106,22.2,15.961449477251097,265.82710000000003
-0.9563718011997482,-0.5977304368109426,3.24,0,0.46,5.868,25.8,1.8269013624731112,4,430.0,16.9,-0.29474486640779857,2.395164274287139,19.3,14.054823961516933,151.39440000000002
-0.9521306271128143,-0.5977304368109426,3.24,0,0.46,6.333,17.2,1.8269013624731112,4,430.0,16.9,-0.26426100193302116,2.1210632163706555,22.6,13.432693349275361,108.9276
-1.041500095082743,-0.5977304368109426,3.24,0,0.46,6.144,32.2,1.927687986452299,4,430.0,16.9,-0.2354140581660465,2.3115448343655176,19.8,14.20213146234174,197.8368
-1.0213158128929398,1.6774901049697561,6.06,0,0.4379,5.706,28.4,2.0334892220179444,1,304.0,16.9,-0.3416621717858576,2.5974910105351463,17.1,14.821283706113546,162.0504
-1.088114573983529,1.6774901049697561,6.06,0,0.4379,6.031,23.3,2.0334892220179444,1,304.0,16.9,-0.20716746044014486,2.178155014615869,19.4,13.136452893148304,140.5223
-1.0188098244971193,-0.5977304368109426,5.19,0,0.515,6.316,38.1,2.009340914000347,5,224.0,20.2,-0.3244660497032302,1.8991179875485542,22.2,11.994829209356668,240.6396
-1.0761941971028746,-0.5977304368109426,5.19,0,0.515,6.31,38.5,2.009340914000347,5,224.0,20.2,-0.3232172133906508,2.0476928433652555,20.7,12.920941841634761,242.93499999999997
-1.0665018933686312,-0.5977304368109426,5.19,0,0.515,6.037,34.5,1.943807940963443,5,224.0,20.2,-0.3529821088220308,2.1983350716202463,21.1,13.271348827371426,208.2765
-1.0898326865123777,-0.5977304368109426,5.19,0,0.515,5.869,46.3,1.829552882221621,5,224.0,20.2,-0.3529821088220308,2.379546134130174,19.5,13.96555626120999,271.7347
-1.1069599370158902,-0.5977304368109426,5.19,0,0.515,5.895,59.6,1.889339797566919,5,224.0,20.2,-0.3447807658534069,2.4475508632442313,18.5,14.428312338824743,351.342
-1.0951776148229637,-0.5977304368109426,5.19,0,0.515,6.059,37.3,1.759959156678257,5,224.0,20.2,-0.35000801445940843,2.252343876557299,20.6,13.646951548060676,226.0007
-1.0016518242004515,-0.5977304368109426,5.19,0,0.515,5.985,45.4,1.759959156678257,5,224.0,20.2,-0.3529821088220308,2.3739750890807185,19.0,14.2082409081481,271.719
-0.9750131442414028,-0.5977304368109426,5.19,0,0.515,5.968,58.5,1.759959156678257,5,224.0,20.2,-0.3529821088220308,2.331172549845958,18.7,13.912437777480678,349.128
-1.187027503316351,1.6774901049697561,1.52,0,0.442,7.241,49.3,2.0841678550439227,1,284.0,15.5,-0.344504847796874,1.8702625307159986,32.7,13.542570984914544,356.9813
-1.1314358083560698,-0.5977304368109426,1.89,0,0.518,6.54,59.7,1.9833297907031588,1,422.0,15.9,-0.32547199368177765,2.2669579153508947,16.5,14.825904766394851,390.43800000000005
-1.1293901813853844,1.6928508737184524,3.78,0,0.484,6.696,56.4,1.9068871306448527,5,370.0,17.6,-0.3529821088220308,2.1016921506146558,23.9,14.072930640515734,377.65439999999995
-1.1066026971546297,1.6928508737184524,3.78,0,0.484,6.874,28.1,2.0102790129447645,5,370.0,17.6,-0.3174353568436352,1.724550719534605,31.2,11.854561646080874,193.1594
-1.1037482569334123,-0.5977304368109426,4.39,0,0.442,6.014,48.5,2.198734547867819,3,352.0,18.8,-0.30793966488852326,2.4449523342809676,17.5,14.70394333836574,291.67900000000003
-0.9745698892146387,-0.5977304368109426,4.39,0,0.442,5.898,52.3,2.198734547867819,3,352.0,18.8,-0.21780743396976304,2.6152036507358583,17.2,15.424471132040091,308.4654
-1.160315311264669,1.7041493159384429,4.15,0,0.429,6.516,27.7,2.2550007015883704,4,351.0,17.9,-0.335354346521521,1.9960599327407849,23.1,13.006326521738954,180.4932
-1.1775781686503228,1.7027418384472897,2.01,0,0.435,6.635,29.7,2.234734426085871,4,280.0,17.0,-0.3294051486250611,1.944480556245719,24.5,12.901628490690346,197.05949999999999
-1.1133170821447678,1.6824916799405305,1.25,0,0.429,6.939,34.5,2.2815759381361245,1,335.0,19.7,-0.32502950823932136,1.9300710850255671,26.6,13.39276325899241,239.3955
-0.9725972952378358,1.6824916799405305,1.25,0,0.429,6.49,44.4,2.2815759381361245,1,335.0,19.7,-0.3529821088220308,1.9430489167742813,22.9,12.610387469865087,288.156
-0.9045494756348885,1.695346902878933,1.69,0,0.411,6.579,35.9,2.4604687964104115,4,411.0,18.3,-0.2451079148063936,1.8702625307159986,24.1,12.304457189580553,236.18609999999998
-0.9317238504419246,1.695346902878933,1.69,0,0.411,5.884,18.5,2.4604687964104115,4,411.0,18.3,-0.334956229223168,2.1736147116970854,18.6,12.789548963625652,108.85400000000001
-1.1678202343736805,1.7054327779224945,2.02,0,0.41,6.728,36.1,2.5746330876618586,5,187.0,17.0,-0.303094910844752,1.7047480922384253,30.1,11.469545164580126,242.8808
-1.0518623319588802,1.7027418384472897,1.91,0,0.413,5.663,21.9,2.449771579019671,4,334.0,22.0,-0.29623824597271126,2.2027647577118348,18.2,12.47425682292212,124.0197
-0.8056281609759866,1.7027418384472897,1.91,0,0.413,5.936,19.5,2.449771579019671,4,334.0,22.0,-0.26780882355235464,1.8825138324965192,20.6,11.174602109699338,115.752
1.4347139063696768,-0.5977304368109426,18.1,1,0.77,6.212,97.4,1.1385378815404292,24,666.0,20.2,-0.27499360009674034,2.9231615807191558,17.8,18.158679739427395,605.0488
1.2034218117878273,-0.5977304368109426,18.1,1,0.77,6.395,91.0,1.2542475801995585,24,666.0,20.2,-0.3310058875612926,2.658159431488745,21.7,16.998929564370524,581.9449999999999
1.2993024930174069,-0.5977304368109426,18.1,1,0.77,6.127,83.4,1.3144492114665467,24,666.0,20.2,-0.34722111546474344,2.5241273629412815,22.7,15.465328352741231,510.9918
1.237705641001326,-0.5977304368109426,18.1,0,0.77,6.112,81.3,1.255359594342634,24,666.0,20.2,-0.32860377415876674,2.6152036507358583,22.6,15.984124713297566,496.9056
1.2582040140997213,-0.5977304368109426,18.1,0,0.77,6.398,88.0,1.2579494951826682,24,666.0,20.2,-0.2614736955527016,2.1736147116970854,25.0,13.906786925437952,563.024
1.2022574588602313,-0.5977304368109426,18.1,0,0.77,6.251,91.1,1.1925579015106376,24,666.0,20.2,-0.15320794276374625,2.7206373166076814,19.9,17.006703866114616,569.4661
1.1873698222936728,-0.5977304368109426,18.1,0,0.77,5.362,96.2,1.1325627280376571,24,666.0,20.2,-0.287870833853385,2.4150205223238337,20.8,12.949340040700397,515.8244
1.2346923426516754,-0.5977304368109426,18.1,1,0.77,5.803,89.0,1.0663301147473858,24,666.0,20.2,-0.16455708236207112,2.7498317351171653,16.8,15.95727355888491,516.467
1.166669970875646,-0.5977304368109426,18.1,1,0.718,8.78,82.9,1.0663301147473858,24,666.0,20.2,-0.17166443909686335,1.8389610707123492,21.9,16.146078200854426,727.862
1.2591703337123221,-0.5977304368109426,18.1,0,0.718,3.561,87.9,0.9605755239844582,24,666.0,20.2,-0.17236782709215662,2.0943301541735866,27.5,7.4579096790121415,313.0119
1.189180201781806,-0.5977304368109426,18.1,0,0.718,4.963,91.4,1.0124369257576684,24,666.0,20.2,0.02617041433455378,2.70805020110221,21.9,13.44005314807027,453.61820000000006
1.5107396948519933,-0.5977304368109426,18.1,0,0.631,3.863,100.0,0.920521768401971,24,666.0,20.2,1.8773180966817127,2.6623552418400807,23.1,10.284678299228231,386.3
1.4764699562417516,-0.5977304368109426,18.1,0,0.668,4.906,100.0,0.7766607807877629,24,666.0,20.2,-0.3529821088220308,3.5771095532709265,13.8,17.549299468347165,490.59999999999997
1.5578976372020257,-0.5977304368109426,18.1,0,0.668,4.138,100.0,0.7594029763370106,24,666.0,20.2,-0.3529821088220308,3.662792119350618,13.8,15.156633789872856,413.8
1.56578765404424,-0.5977304368109426,18.1,0,0.671,7.313,97.9,0.8399710850007427,24,666.0,20.2,-0.3529821088220308,2.67000213346468,15.0,19.525725602027205,715.9427000000001
1.530223929077205,-0.5977304368109426,18.1,0,0.671,6.649,93.3,0.8522427570657238,24,666.0,20.2,-0.2106512004374479,3.1880041612011136,13.9,21.197039667826203,620.3516999999999
1.4529479233236604,-0.5977304368109426,18.1,0,0.671,6.794,98.8,0.8578138021151792,24,666.0,20.2,-0.3529821088220308,3.1018924693823817,13.3,21.0742574369839,671.2471999999999
1.5894683772606377,-0.5977304368109426,18.1,0,0.671,6.38,96.2,0.8696602339458422,24,666.0,20.2,-0.3529821088220308,3.206398303357088,13.1,20.45682117541822,613.756
1.5530744177029587,-0.5977304368109426,18.1,0,0.671,6.223,100.0,0.8696602339458422,24,666.0,20.2,-0.3405543868463409,3.125882958019036,10.2,19.45236964775246,622.3
1.7048290377369766,-0.5977304368109426,18.1,0,0.671,6.968,91.9,0.8823202123030017,24,666.0,20.2,-0.3529821088220308,2.9019708937395166,10.4,20.22093318757695,640.3592
1.5359289288496136,-0.5977304368109426,18.1,0,0.671,6.545,99.1,0.9239413908046779,24,666.0,20.2,-0.3529821088220308,3.0946722214088944,10.9,20.254629689121213,648.6094999999999
1.4393848737044037,-0.5977304368109426,18.1,0,0.7,5.536,100.0,0.9479444256759496,24,666.0,20.2,-0.3529821088220308,3.202746442938317,11.3,17.73040430810652,553.5999999999999
1.4093792124746665,-0.5977304368109426,18.1,0,0.7,5.52,100.0,0.9294438491190675,24,666.0,20.2,-0.3529821088220308,3.241028629509334,12.3,17.890478034891522,552.0
1.5689573828409327,-0.5977304368109426,18.1,0,0.7,4.368,91.2,0.8917931002737548,24,666.0,20.2,0.20950287734465073,3.4541060373175574,8.8,15.087535171003092,398.36160000000007
1.5443926629885527,-0.5977304368109426,18.1,0,0.7,5.277,98.1,0.886285029787749,24,666.0,20.2,-0.3529821088220308,3.4597807057610526,7.2,18.257262784301076,517.6736999999999
1.5931637817395872,-0.5977304368109426,18.1,0,0.7,4.652,100.0,0.9030839043868734,24,666.0,20.2,-0.3529821088220308,3.3769046890931107,10.5,15.70936061366115,465.2
1.5839419326144226,-0.5977304368109426,18.1,0,0.7,5.0,89.5,0.9236237792409471,24,666.0,20.2,-0.3529821088220308,3.49620448524049,7.4,17.48102242620245,447.5
1.5201638332016483,-0.5977304368109426,18.1,0,0.7,4.88,100.0,0.951464806881809,24,666.0,20.2,-0.2544061629654138,3.453789831781326,10.2,16.85449437909287,488.0
1.4137834703030097,-0.5977304368109426,18.1,0,0.7,5.39,98.9,1.0036053962008638,24,666.0,20.2,-0.3529821088220308,3.084200921541599,11.5,16.62384296710922,533.071
1.3770643262940254,-0.5977304368109426,18.1,0,0.7,5.713,97.0,1.0738071697491385,24,666.0,20.2,-0.34328196033060465,2.896464271895322,15.1,16.547500385337976,554.1610000000001
1.3043358007686678,-0.5977304368109426,18.1,0,0.7,6.051,82.5,1.153037340646183,24,666.0,20.2,-0.2777431042649423,2.983659692319722,23.2,18.05412479822664,499.20750000000004
1.4840206402309102,-0.5977304368109426,18.1,0,0.7,5.036,97.0,1.0188473201992472,24,666.0,20.2,-0.3529821088220308,3.283914221047423,9.7,16.53779201719482,488.49199999999996
1.426586913343355,-0.5977304368109426,18.1,0,0.693,6.193,92.6,1.0264716108904273,24,666.0,20.2,-0.3529821088220308,2.7831576735890153,13.8,17.23609547253677,573.4717999999999
1.5087457590931606,-0.5977304368109426,18.1,0,0.693,5.887,94.7,1.0232060382182802,24,666.0,20.2,-0.3529821088220308,2.8535925063928684,12.7,16.799099085134817,557.4988999999999
1.428359023458386,-0.5977304368109426,18.1,0,0.693,6.471,98.8,1.002725275860946,24,666.0,20.2,-0.3335615096668725,2.8970163006148333,13.1,18.746592481278586,639.3348
1.3333025556437137,-0.5977304368109426,18.1,0,0.693,6.405,96.0,0.9846220512504225,24,666.0,20.2,-0.3529821088220308,3.0140632302387145,12.5,19.305074989678968,614.88
1.4000763326258083,-0.5977304368109426,18.1,0,0.693,5.747,98.9,0.9682757869401063,24,666.0,20.2,-0.33801745452267434,3.040705639196722,8.5,17.47493530846356,568.3783
1.6406406938259392,-0.5977304368109426,18.1,0,0.693,5.453,100.0,0.9121220550019354,24,666.0,20.2,-0.3529821088220308,3.4528406148139936,5.0,18.82833987258071,545.3000000000001
1.4548139158613997,-0.5977304368109426,18.1,0,0.693,5.852,77.8,0.9164507190755202,24,666.0,20.2,-0.09183457406399269,3.4330189939851112,6.3,20.09002715280087,455.2856
1.5962567499742923,-0.5977304368109426,18.1,0,0.693,5.987,100.0,0.9511944478820354,24,666.0,20.2,-0.3529821088220308,3.323956301318708,5.6,19.900526375995106,598.7
1.5190764976815851,-0.5977304368109426,18.1,0,0.693,6.343,100.0,0.9454999584581417,24,666.0,20.2,-0.3529821088220308,3.0596455992976437,7.2,19.407332036344954,634.3
1.4482592259753542,-0.5977304368109426,18.1,0,0.693,6.404,100.0,0.9704000575211871,24,666.0,20.2,-0.2681074570195082,3.0591764461105257,12.1,19.590965960891808,640.4
1.5951125867475962,-0.5977304368109426,18.1,0,0.693,5.349,96.0,0.9942882726958825,24,666.0,20.2,-0.3529821088220308,3.033509637888021,8.3,16.226243053063026,513.504
1.647900309728306,-0.5977304368109426,18.1,0,0.693,5.531,85.4,0.9583535562465413,24,666.0,20.2,-0.04692525292895309,3.3456846717318967,8.5,18.50498191934912,472.3474
1.686958984710641,-0.5977304368109426,18.1,0,0.693,5.683,100.0,0.8859964592405544,24,666.0,20.2,-0.3051918000165974,3.177220149599368,5.0,18.05614211017321,568.3
1.5729871399133872,-0.5977304368109426,18.1,0,0.659,4.138,100.0,0.7784529371390452,24,666.0,20.2,-0.2426603944546819,3.1921210875593813,11.9,13.20899706032072,413.8
1.4896803086612014,-0.5977304368109426,18.1,0,0.659,5.608,100.0,0.8264535478681704,24,666.0,20.2,-0.06069629596384912,2.574899688314705,27.9,14.440037452068864,560.8
1.391800616928715,-0.5977304368109426,18.1,0,0.597,5.617,97.9,0.8980045541868373,24,666.0,20.2,0.03401185135971463,3.3105430133940246,17.2,18.595320106234237,549.9043
1.5213174547818746,-0.5977304368109426,18.1,0,0.597,6.852,100.0,0.9023946266820437,24,666.0,20.2,1.1725136729179437,3.0339909856710814,27.5,20.78890623381825,685.2
1.66556843496468,-0.5977304368109426,18.1,0,0.597,5.757,100.0,0.8808707866428946,24,666.0,20.2,4.028529215334256,2.4078456036515385,15.0,13.861967140221907,575.6999999999999
1.5169749834151545,-0.5977304368109426,18.1,0,0.597,6.657,100.0,0.9272306719124894,24,666.0,20.2,3.904171040668261,3.100992784211484,17.2,20.643308964495848,665.7
1.5601926167411686,-0.5977304368109426,18.1,0,0.597,4.628,100.0,0.937621602575984,24,666.0,20.2,3.973941297896329,3.5658640032173894,17.9,16.502818606890077,462.8
1.6113719147283734,-0.5977304368109426,18.1,0,0.597,5.155,100.0,0.9514261886424098,24,666.0,20.2,0.8188813202016985,3.0483247236731614,16.3,15.714113950535149,515.5
1.656338648865324,-0.5977304368109426,18.1,0,0.693,4.519,100.0,0.9776492020050953,24,666.0,20.2,2.743659037893779,3.63705970538414,7.0,16.43587280863093,451.90000000000003
1.5547683868418585,-0.5977304368109426,18.1,0,0.679,6.434,100.0,1.041936111474553,24,666.0,20.2,3.9863762695842158,3.4028626609812167,7.2,21.894018360753147,643.4
1.471829066796663,-0.5977304368109426,18.1,0,0.679,6.782,90.8,1.0365595642650998,24,666.0,20.2,4.016557090697282,3.2880286835565173,7.5,22.2994105318803,615.8056
1.6003019835186334,-0.5977304368109426,18.1,0,0.679,5.304,89.1,0.9736157984934245,24,666.0,20.2,1.9486554487941556,3.319263998899469,10.4,17.605376250162784,472.58639999999997
1.6924464094209537,-0.5977304368109426,18.1,0,0.679,5.957,100.0,1.0305475577539802,24,666.0,20.2,4.02662364125587,3.073618812211062,8.8,18.309547264341298,595.6999999999999
1.487608547978659,-0.5977304368109426,18.1,0,0.718,6.824,76.5,1.02747426083477,24,666.0,20.2,3.669028084126002,3.167161389181522,8.4,21.612709319774705,522.036
1.476125600655166,-0.5977304368109426,18.1,0,0.718,6.411,100.0,1.050436935463678,24,666.0,20.2,0.01097964140392102,2.7738379416402132,16.7,17.783075043855405,641.0999999999999
1.3791680728866964,-0.5977304368109426,18.1,0,0.718,6.006,95.3,1.0559135341349943,24,666.0,20.2,0.00417620612014716,2.8154087194227095,14.2,16.909344768852794,572.3718
1.4911070863181968,-0.5977304368109426,18.1,0,0.614,5.648,87.6,1.082211867300329,24,666.0,20.2,0.17257120779555296,2.714694743820879,20.8,15.332595913100322,494.7647999999999
1.3801270250370683,-0.5977304368109426,18.1,0,0.614,6.103,85.1,1.1058526803236035,24,666.0,20.2,4.028529215334256,3.190064743014081,13.4,19.468965126614936,519.3652999999999
1.4301894278228726,-0.5977304368109426,18.1,0,0.584,5.565,70.6,1.1195580531835723,24,666.0,20.2,4.028529215333939,2.8992213731731473,11.7,16.134166941708568,392.889
1.5357956517633224,-0.5977304368109426,18.1,0,0.679,5.896,95.4,1.0680156146906423,24,666.0,20.2,4.028528695768602,3.234355395716587,8.3,19.069759413144997,562.4784000000001
1.4939749428728817,-0.5977304368109426,18.1,0,0.584,5.837,59.7,1.0978119684973406,24,666.0,20.2,4.00313887359608,2.8148097376737438,10.2,16.43004443880164,348.4689
1.638943588706676,-0.5977304368109426,18.1,0,0.679,6.202,78.7,1.0518350971091808,24,666.0,20.2,4.023508004022627,2.7421295147550726,10.9,17.00668725051096,488.0974
1.3906278864886263,-0.5977304368109426,18.1,0,0.679,6.193,78.1,1.0769118616887707,24,666.0,20.2,2.5551329851534157,3.1144038032714896,11.0,19.287502753660334,483.6732999999999
1.4427549656261447,-0.5977304368109426,18.1,0,0.679,6.38,95.6,1.0879557084795808,24,666.0,20.2,3.3943063441294012,3.22207071576472,9.5,20.556811166578914,609.928
1.4227505148895188,-0.5977304368109426,18.1,0,0.584,6.348,86.1,1.116026444921897,24,666.0,20.2,2.854565305344413,2.925309809257445,14.5,18.56986666916626,546.5627999999999
1.4576809641244715,-0.5977304368109426,18.1,0,0.584,6.833,94.3,1.1275883969046268,24,666.0,20.2,2.904033952049013,3.029650491757452,14.1,20.70160181017867,644.3519
1.3577470170598096,-0.5977304368109426,18.1,0,0.584,6.425,74.8,1.1632758019938318,24,666.0,20.2,2.5286533074130033,2.567254391136754,16.1,16.494609463053642,480.59
1.3193468284717986,-0.5977304368109426,18.1,0,0.713,6.436,87.9,1.1986989218232278,24,666.0,20.2,2.480521799238388,2.8460714989995846,14.3,18.317316167561327,565.7244000000001
1.5153911136857798,-0.5977304368109426,18.1,0,0.713,6.208,95.0,1.1700643560747492,24,666.0,20.2,2.4711422789111652,2.7831576735890153,11.7,17.27784283764061,589.76
1.4773354662432923,-0.5977304368109426,18.1,0,0.74,6.629,94.6,1.1393382785800699,24,666.0,20.2,2.2803752952112255,3.18924101973851,13.4,21.14147871984658,627.1034
1.5211253686101343,-0.5977304368109426,18.1,0,0.74,6.461,93.3,1.0994785799960676,24,666.0,20.2,3.9845625840902925,2.94706710157271,9.6,19.04100054326128,602.8113
1.5291071813927142,-0.5977304368109426,18.1,0,0.74,6.152,100.0,1.069595339597617,24,666.0,20.2,4.028522220043728,3.3123661679555396,8.7,20.37767666526248,615.2
1.5126185413112947,-0.5977304368109426,18.1,0,0.74,5.935,87.9,1.0369496282760027,24,666.0,20.2,3.1984136068503437,3.555919326857706,8.4,21.104381204900484,521.6865
1.4438831906629028,-0.5977304368109426,18.1,0,0.74,5.627,93.9,1.0357434838891182,24,666.0,20.2,-0.3529821088220308,3.1730412885244013,12.8,17.854703330526807,528.3753
1.5809115253986303,-0.5977304368109426,18.1,0,0.74,5.818,92.4,1.052987110641834,24,666.0,20.2,-0.3314456216180158,3.1402654242862895,10.5,18.270064238497632,537.5832
1.4509252478068295,-0.5977304368109426,18.1,0,0.74,6.406,97.2,1.1200801952833506,24,666.0,20.2,-0.30924933292204354,3.021400020302569,17.1,19.355088530058254,622.6632
1.3235566998766943,-0.5977304368109426,18.1,0,0.74,6.219,100.0,1.1002110100318068,24,666.0,20.2,-0.3482426217247868,2.8673305587494666,18.4,17.831928744862935,621.9
1.4558048008240871,-0.5977304368109426,18.1,0,0.74,6.485,100.0,1.0913862435763702,24,666.0,20.2,-0.3123934757295674,2.9882040071331994,15.4,19.3785029862588,648.5
1.501598519049093,-0.5977304368109426,18.1,0,0.74,5.854,96.6,1.0631923434368493,24,666.0,20.2,0.5463675647072637,3.210440346047099,10.8,18.793917785759717,565.4964
1.4689882341095764,-0.5977304368109426,18.1,0,0.74,6.459,94.8,1.0945707995083898,24,666.0,20.2,3.775028107697516,3.2180755046974316,11.8,20.78554968484071,612.3131999999999
1.35143572733142,-0.5977304368109426,18.1,0,0.74,6.341,96.4,1.1223288152854258,24,666.0,20.2,0.015092451905766765,2.933324813425374,14.9,18.600212641930298,611.2724000000001
1.454978986667083,-0.5977304368109426,18.1,0,0.74,6.251,96.6,1.1625256144117624,24,666.0,20.2,-0.3196632613763429,2.8587664184808337,12.6,17.870148881923694,603.8466
1.4425401449932593,-0.5977304368109426,18.1,0,0.713,6.185,98.7,1.1822178725229067,24,666.0,20.2,-0.3529821088220308,2.9512577834521614,14.1,18.253529390651618,610.4594999999999
1.395628374289981,-0.5977304368109426,18.1,0,0.713,6.417,98.3,1.1584522890241267,24,666.0,20.2,0.09460534289699535,3.011113375592293,13.0,19.322314531175746,630.7910999999999
1.3682485366420891,-0.5977304368109426,18.1,0,0.713,6.749,92.6,1.2010485328086893,24,666.0,20.2,4.028529215334256,2.914522218128448,13.4,19.670110450148893,624.9573999999999
1.3122128646670008,-0.5977304368109426,18.1,0,0.713,6.655,98.2,1.2105113811655184,24,666.0,20.2,-0.17512987905765492,2.930126516455997,15.2,19.49999196701466,653.5210000000001
1.292953339275102,-0.5977304368109426,18.1,0,0.713,6.297,91.8,1.214378477039817,24,666.0,20.2,-0.3056845278377414,2.9052603703899154,16.1,18.294424552345298,578.0645999999999
1.4163816919072685,-0.5977304368109426,18.1,0,0.713,7.393,99.3,1.239156533660418,24,666.0,20.2,-0.26708319549095916,2.8758219768814333,17.8,21.260951875084434,734.1248999999999
1.446525869782329,-0.5977304368109426,18.1,0,0.713,6.728,94.1,1.2516480615031922,24,666.0,20.2,4.028529153878055,2.9811261211646287,14.9,20.057016543195623,633.1048
1.2722984881048878,-0.5977304368109426,18.1,0,0.713,6.525,86.5,1.234249795210208,24,666.0,20.2,3.6167167469112838,2.9512577834521614,14.1,19.256957037025355,564.4125
1.266824939824051,-0.5977304368109426,18.1,0,0.713,5.976,87.9,1.2755303841350356,24,666.0,20.2,4.02850117465876,2.996232148595642,12.7,17.905483320007555,525.2904
1.4151066213187449,-0.5977304368109426,18.1,0,0.713,5.936,80.3,1.329512347020906,24,666.0,20.2,4.028529215334144,2.88703285663065,13.5,17.13742703695954,476.6608
1.402462529207251,-0.5977304368109426,18.1,0,0.713,6.301,83.7,1.3305437793485715,24,666.0,20.2,0.3020738337710618,2.8466520505398383,14.9,17.936754570451523,527.3937000000001
1.3713153723492162,-0.5977304368109426,18.1,0,0.713,6.081,84.4,1.313051399352173,24,666.0,20.2,-0.3529821088220308,2.7536607123542622,20.0,16.74501079182627,513.2364000000001
1.2761206520782937,-0.5977304368109426,18.1,0,0.713,6.701,90.0,1.2802391597793858,24,666.0,20.2,0.4275253887676104,2.857618971424357,16.4,19.148904727514616,603.0899999999999
1.1888102217694878,-0.5977304368109426,18.1,0,0.713,6.376,88.4,1.2717529407468942,24,666.0,20.2,-0.33136568500920194,2.750470916986162,17.7,17.53700256670377,563.6384
1.3659000238562855,-0.5977304368109426,18.1,0,0.713,6.317,83.0,1.3175871631100997,24,666.0,20.2,-0.3529821088220308,2.7073833121145063,19.5,17.102540382627335,524.311
1.3309421686230805,-0.5977304368109426,18.1,0,0.713,6.513,89.9,1.335422030746134,24,666.0,20.2,-0.34087102849509604,2.4239173781615704,20.2,15.786973883966308,585.5187000000001
1.4050090179864954,-0.5977304368109426,18.1,0,0.655,6.209,65.4,1.3771022427509756,24,666.0,20.2,-0.3529821088220308,2.6546494243750947,21.4,16.48271827594496,406.0686
1.1311767338812881,-0.5977304368109426,18.1,0,0.655,5.759,48.2,1.4027826786246929,24,666.0,20.2,-0.07265117647546698,2.7166795278002644,19.9,15.645357400601723,277.58380000000005
1.1965691449514495,-0.5977304368109426,18.1,0,0.655,5.952,84.7,1.3536420288446411,24,666.0,20.2,4.015034300561551,2.8986705607108596,19.0,17.252887177351035,504.1344
1.2497178280287458,-0.5977304368109426,18.1,0,0.584,6.003,94.5,1.2642114693176756,24,666.0,20.2,-0.056525553038615256,3.1054831375131102,19.1,18.6422152744912,567.2835
1.533065110958029,-0.5977304368109426,18.1,0,0.58,5.926,71.0,1.363128083088051,24,666.0,20.2,-0.23616306843305065,2.9512577834521614,19.1,17.489153624737508,420.74600000000004
1.505156100136969,-0.5977304368109426,18.1,0,0.58,5.713,56.7,1.3412185402287997,24,666.0,20.2,-0.3529821088220308,2.757475084429733,20.1,15.753455157347064,323.9271
1.2443215251816795,-0.5977304368109426,18.1,0,0.58,6.167,84.0,1.3946096927236042,24,666.0,20.2,-0.3529821088220308,2.850128299695199,19.9,17.576741224220292,518.028
1.2198277877280441,-0.5977304368109426,18.1,0,0.532,6.229,90.7,1.410816227426628,24,666.0,20.2,-0.34682793512713417,2.6297282343267403,19.6,16.380577171621265,564.9703000000001
1.1764832172252722,-0.5977304368109426,18.1,0,0.58,6.437,75.0,1.3600787143014785,24,666.0,20.2,-0.3390885472464093,2.731766727719526,23.2,17.58438242633059,482.77500000000003
1.2653614458296787,-0.5977304368109426,18.1,0,0.614,6.98,67.6,1.262119063419393,24,666.0,20.2,-0.26198886475066585,2.5384474167160302,29.8,17.71836296867789,471.848
1.4111467104487259,-0.5977304368109426,18.1,0,0.584,5.427,95.4,1.2325019504399097,24,666.0,20.2,-0.1623822712682079,2.9517803860248084,13.8,16.019312154956634,517.7358
1.355713438756686,-0.5977304368109426,18.1,0,0.584,6.162,97.4,1.165024054187361,24,666.0,20.2,0.10328231903654093,3.2228678461377385,13.3,19.859311667900744,600.1788
1.2798379650832319,-0.5977304368109426,18.1,0,0.614,6.484,93.6,1.195527240742406,24,666.0,20.2,-0.3502823354936442,2.9796028916241073,16.7,19.31974514929071,606.9024
1.5275355987937018,-0.5977304368109426,18.1,0,0.614,5.304,97.3,1.1316278924522738,24,666.0,20.2,-0.14760701029757425,3.2546289945740186,12.0,17.262552187220596,516.0792
1.4609557513276652,-0.5977304368109426,18.1,0,0.614,6.185,96.7,1.1538893041579492,24,666.0,20.2,-0.28330317969741803,2.946016681308058,14.6,18.221113173890338,598.0894999999999
1.5201638332016483,-0.5977304368109426,18.1,0,0.614,6.229,88.0,1.082211867300329,24,666.0,20.2,-0.2983913179634439,2.6468837658647226,21.4,16.487438977571358,548.152
1.3310756715338683,-0.5977304368109426,18.1,0,0.532,6.242,64.7,1.487089471154785,24,666.0,20.2,-0.3529821088220308,2.4630018143999504,23.0,15.37405732548449,403.85740000000004
1.3255833040757037,-0.5977304368109426,18.1,0,0.532,6.75,74.9,1.465960074663146,24,666.0,20.2,-0.3378983698478881,2.167910189667444,23.7,14.633393780255247,505.57500000000005
1.326687088406246,-0.5977304368109426,18.1,0,0.532,7.061,77.0,1.48401073462596,24,666.0,20.2,-0.34663128380007346,2.080690761080268,25.0,14.691757463987772,543.697
1.0847467184491353,-0.5977304368109426,18.1,0,0.532,5.762,40.3,1.6289071508290425,24,666.0,20.2,-0.33730272315074195,2.435366204227864,21.8,14.032580068760952,232.20859999999996
1.011067064421952,-0.5977304368109426,18.1,0,0.583,5.871,41.9,1.552655898335116,24,666.0,20.2,-0.2448896290789026,2.663052835171474,20.6,15.634783195291726,245.9949
1.1869278357149842,-0.5977304368109426,18.1,0,0.583,6.312,51.9,1.607776533107434,24,666.0,20.2,-0.3200677815969926,2.449279472144849,21.2,15.45985202817829,327.5928
1.3247897577983687,-0.5977304368109426,18.1,0,0.583,6.114,79.8,1.5142257278280893,24,666.0,20.2,-0.33634891358295016,2.7713379403381286,19.1,16.943960167227317,487.8972
1.277605501546745,-0.5977304368109426,18.1,0,0.583,5.905,53.2,1.423662397588629,24,666.0,20.2,-0.3184486797091584,2.5217206229107165,20.6,14.890760278287782,314.146
-0.6602333418438633,-0.5977304368109426,27.74,0,0.609,5.454,92.7,1.0370559829690038,4,711.0,20.1,-0.34588363665596944,2.947591898226056,15.2,16.076166212924907,505.5858
-0.5645179604969052,-0.5977304368109426,27.74,0,0.609,5.414,98.3,1.0135626226283616,4,711.0,20.1,-0.12121721408124693,3.217675104291682,7.0,17.420493014635163,532.1962
-0.4988383816747819,-0.5977304368109426,27.74,0,0.609,5.093,98.0,1.0376584459977696,4,711.0,20.1,0.012756332373185422,3.4236109764990554,8.1,17.43645070330969,499.114
-0.8086094464853365,-0.5977304368109426,27.74,0,0.609,5.983,98.8,1.0536497896330035,4,711.0,20.1,-0.32607505420472965,2.9481164196123277,13.6,17.638580538540555,591.1203999999999
-0.7891763661106093,-0.5977304368109426,27.74,0,0.609,5.983,83.5,1.1345905713333448,4,711.0,20.1,-0.3529821088220308,2.66374994220563,20.1,15.937215904216284,499.5805
-0.5932270346562005,-0.5977304368109426,9.69,0,0.585,5.707,54.0,1.2183785416335373,6,391.0,19.2,-0.3529821088220308,2.565718292524414,21.8,14.64255429543683,308.178
-0.3248252455717025,-0.5977304368109426,9.69,0,0.585,5.926,42.6,1.2183785416335373,6,391.0,19.2,-0.3529821088220308,2.6803363625346943,24.5,15.883673284380599,252.44760000000002
-0.5769211764354719,-0.5977304368109426,9.69,0,0.585,5.67,28.8,1.3346325777959989,6,391.0,19.2,-0.338771311989239,2.9231615807191558,23.1,16.574326162677615,163.296
-0.3029674503138264,-0.5977304368109426,9.69,0,0.585,5.39,72.9,1.3346325777959989,6,391.0,19.2,-0.3529821088220308,3.0973859272804907,19.7,16.694910148041842,392.931
-0.3498372338451934,-0.5977304368109426,9.69,0,0.585,5.794,70.6,1.3591030042666945,6,391.0,19.2,-0.3529821088220308,2.714694743820879,18.3,15.728941345698171,409.05639999999994
-0.41855923634137654,-0.5977304368109426,9.69,0,0.585,6.019,65.3,1.2264483268411057,6,391.0,19.2,-0.3529821088220308,2.6333266549062735,21.2,15.84999313588086,393.0407
-0.5802307850518353,-0.5977304368109426,9.69,0,0.585,5.569,73.5,1.2237460194248755,6,391.0,19.2,-0.3485567099266749,2.7788192719904172,17.5,15.475244525714633,409.3215
-0.45512628870156346,-0.5977304368109426,9.69,0,0.585,6.027,79.7,1.2522485504908258,6,391.0,19.2,-0.3529821088220308,2.7298116928837226,16.8,16.4525750730102,480.3519
-0.9705073284329616,-0.5977304368109426,11.93,0,0.573,6.593,69.1,1.246629913991916,1,273.0,21.0,-0.33360138708062753,2.367436065313662,22.4,15.608505978612975,455.57629999999995
-1.0422223184235833,-0.5977304368109426,11.93,0,0.573,6.12,76.7,1.1901273975038829,1,273.0,21.0,-0.3529821088220308,2.3105532626432224,20.6,14.140585967376522,469.40400000000005
-0.9780395274764743,-0.5977304368109426,11.93,0,0.573,6.976,91.0,1.1529426332131572,1,273.0,21.0,-0.3529821088220308,1.8931119634883424,23.9,13.206349057294677,634.816
-0.7951666023176367,-0.5977304368109426,11.93,0,0.573,6.794,89.3,1.2205053849602963,1,273.0,21.0,-0.3394056768531907,2.012232791986386,22.0,13.671109588755504,606.7041999999999
-1.0331602894914205,-0.5977304368109426,11.93,0,0.573,6.03,80.8,1.2541905204865533,1,273.0,21.0,-0.3529821088220308,2.1838015570040787,11.9,13.168323388734596,487.224
